 AU01_r, AU02_r, AU04_r, AU05_r, AU06_r, AU07_r, AU09_r, AU10_r, AU12_r, AU14_r, AU15_r, AU17_r, AU20_r, AU23_r, AU25_r, AU26_r, AU45_r,pain_label
0.55,0.0,0.09,0.0,0.74,1.75,0.37,0.06,0.51,1.1,0.14,1.23,0.29,0.39,0.0,0.0,0.0,0
0.52,0.0,0.07,0.0,0.75,1.66,0.34,0.1,0.5,1.12,0.04,1.26,0.3,0.42,0.0,0.0,0.0,0
0.52,0.0,0.12,0.0,0.73,1.72,0.31,0.12,0.51,1.13,0.08,1.22,0.27,0.41,0.0,0.0,0.0,0
0.56,0.0,0.15,0.0,0.69,1.75,0.28,0.08,0.52,1.14,0.08,1.19,0.21,0.37,0.0,0.0,0.0,0
0.62,0.0,0.17,0.0,0.68,1.76,0.28,0.06,0.55,1.12,0.15,1.19,0.18,0.35,0.0,0.0,0.0,0
0.65,0.0,0.18,0.0,0.68,1.71,0.26,0.01,0.53,1.12,0.15,1.18,0.25,0.34,0.0,0.0,0.0,0
0.66,0.0,0.22,0.0,0.7,1.65,0.23,0.01,0.53,1.08,0.23,1.17,0.32,0.33,0.0,0.0,0.0,0
0.64,0.0,0.23,0.0,0.68,1.59,0.22,0.0,0.53,1.1,0.23,1.13,0.34,0.3,0.0,0.0,0.0,0
0.62,0.0,0.23,0.0,0.65,1.59,0.23,0.01,0.55,1.09,0.2,1.09,0.24,0.29,0.0,0.0,0.0,0
0.61,0.0,0.18,0.0,0.64,1.61,0.23,0.02,0.55,1.1,0.14,1.09,0.18,0.3,0.0,0.0,0.0,0
0.59,0.0,0.21,0.01,0.67,1.66,0.2,0.04,0.56,1.1,0.06,1.06,0.12,0.33,0.0,0.0,0.0,0
0.58,0.0,0.24,0.08,0.68,1.65,0.2,0.05,0.55,1.14,0.04,1.03,0.08,0.34,0.0,0.0,0.0,0
0.6,0.0,0.24,0.08,0.69,1.54,0.25,0.04,0.54,1.14,0.07,1.0,0.01,0.33,0.0,0.0,0.0,0
0.58,0.0,0.17,0.07,0.72,1.41,0.31,0.06,0.54,1.09,0.15,1.07,0.0,0.33,0.0,0.0,0.0,0
0.59,0.0,0.13,0.05,0.73,1.3,0.32,0.04,0.58,1.01,0.17,1.09,0.0,0.36,0.0,0.0,0.0,0
0.57,0.0,0.12,0.06,0.72,1.34,0.31,0.05,0.63,0.95,0.2,1.06,0.0,0.36,0.0,0.0,0.0,0
0.59,0.0,0.09,0.11,0.7,1.4,0.29,0.02,0.64,0.91,0.15,0.92,0.0,0.37,0.0,0.0,0.0,0
0.63,0.01,0.09,0.06,0.73,1.47,0.32,0.02,0.62,0.96,0.18,0.87,0.0,0.35,0.0,0.0,0.0,0
0.64,0.01,0.04,0.12,0.75,1.51,0.32,0.0,0.61,0.95,0.14,0.82,0.0,0.39,0.0,0.0,0.0,0
0.65,0.08,0.05,0.16,0.75,1.45,0.28,0.0,0.61,0.94,0.21,0.77,0.0,0.38,0.0,0.0,0.0,0
0.64,0.08,0.05,0.3,0.71,1.49,0.22,0.0,0.62,0.93,0.19,0.74,0.0,0.41,0.0,0.0,0.0,0
0.67,0.09,0.07,0.39,0.71,1.6,0.17,0.0,0.61,0.9,0.28,0.79,0.0,0.43,0.0,0.0,0.0,0
0.73,0.07,0.14,0.36,0.75,1.7,0.23,0.0,0.64,0.95,0.21,0.83,0.0,0.4,0.0,0.0,0.0,0
0.7,0.09,0.22,0.22,0.76,1.74,0.29,0.0,0.64,0.96,0.2,0.75,0.0,0.38,0.0,0.0,0.0,0
0.7,0.09,0.25,0.06,0.76,1.64,0.34,0.0,0.63,1.02,0.14,0.71,0.0,0.34,0.0,0.0,0.0,0
0.67,0.08,0.2,0.0,0.74,1.72,0.39,0.0,0.6,1.09,0.17,0.77,0.0,0.35,0.0,0.0,0.0,0
0.7,0.07,0.12,0.0,0.76,1.74,0.39,0.0,0.61,1.14,0.2,0.92,0.0,0.35,0.0,0.0,0.0,0
0.7,0.06,0.13,0.0,0.77,1.81,0.41,0.01,0.61,1.2,0.2,1.01,0.0,0.36,0.0,0.0,0.0,0
0.72,0.05,0.14,0.0,0.82,1.78,0.37,0.05,0.63,1.19,0.18,1.05,0.0,0.42,0.0,0.0,0.0,0
0.72,0.03,0.18,0.01,0.84,1.82,0.35,0.08,0.67,1.14,0.15,1.05,0.0,0.41,0.0,0.0,0.0,0
0.74,0.03,0.24,0.05,0.87,1.9,0.36,0.08,0.71,1.17,0.12,1.05,0.0,0.42,0.0,0.0,0.0,0
0.74,0.0,0.32,0.05,0.87,1.94,0.33,0.03,0.76,1.22,0.15,1.01,0.0,0.39,0.0,0.0,0.0,0
0.74,0.0,0.34,0.04,0.92,2.05,0.31,0.05,0.77,1.27,0.21,0.99,0.0,0.39,0.0,0.0,0.0,0
0.7,0.0,0.3,0.0,0.94,2.08,0.3,0.09,0.83,1.25,0.22,0.93,0.0,0.36,0.0,0.0,0.0,0
0.65,0.0,0.25,0.0,0.98,2.13,0.34,0.14,0.86,1.27,0.24,0.97,0.0,0.31,0.0,0.0,0.07,0
0.62,0.0,0.24,0.0,0.98,2.1,0.39,0.16,0.88,1.3,0.19,1.0,0.0,0.27,0.0,0.0,0.07,0
0.57,0.0,0.24,0.0,1.03,2.0,0.46,0.19,0.92,1.35,0.2,0.96,0.06,0.25,0.0,0.0,0.23,0
0.53,0.0,0.25,0.0,1.13,2.03,0.54,0.24,0.98,1.34,0.16,0.98,0.22,0.21,0.0,0.0,0.59,0
0.5,0.0,0.28,0.0,1.24,2.14,0.66,0.36,1.07,1.33,0.19,0.94,0.29,0.15,0.0,0.0,1.3,0
0.55,0.0,0.27,0.0,1.29,2.2,0.72,0.41,1.12,1.36,0.18,0.89,0.33,0.06,0.0,0.0,1.97,0
0.58,0.0,0.25,0.0,1.28,2.2,0.78,0.44,1.15,1.38,0.2,0.8,0.3,0.02,0.0,0.0,2.27,0
0.65,0.0,0.23,0.0,1.27,2.16,0.8,0.36,1.12,1.45,0.18,0.8,0.27,0.03,0.0,0.0,2.11,0
0.66,0.0,0.28,0.0,1.33,2.36,0.83,0.38,1.09,1.48,0.19,0.91,0.22,0.1,0.0,0.0,1.61,0
0.66,0.03,0.32,0.0,1.33,2.43,0.81,0.35,1.08,1.57,0.14,0.94,0.21,0.14,0.0,0.0,1.14,0
0.7,0.13,0.31,0.0,1.3,2.35,0.74,0.3,1.08,1.58,0.16,0.98,0.24,0.19,0.0,0.0,0.69,0
0.7,0.17,0.25,0.0,1.22,2.21,0.68,0.23,1.06,1.59,0.19,0.98,0.27,0.21,0.0,0.0,0.48,0
0.71,0.18,0.21,0.0,1.13,2.12,0.62,0.2,1.03,1.57,0.23,1.02,0.22,0.24,0.0,0.0,0.22,0
0.69,0.08,0.22,0.0,1.09,2.12,0.62,0.18,1.0,1.58,0.17,1.0,0.23,0.24,0.0,0.0,0.11,0
0.67,0.05,0.19,0.0,1.02,2.02,0.56,0.2,0.98,1.5,0.16,0.96,0.2,0.23,0.0,0.0,0.1,0
0.65,0.05,0.19,0.0,1.02,1.99,0.49,0.22,0.98,1.43,0.2,0.9,0.13,0.23,0.0,0.0,0.16,0
0.6,0.11,0.17,0.0,1.02,1.96,0.43,0.22,0.97,1.43,0.24,0.85,0.07,0.23,0.0,0.0,0.18,0
0.6,0.18,0.2,0.0,1.03,1.91,0.43,0.24,0.96,1.41,0.26,0.88,0.06,0.26,0.0,0.0,0.26,0
0.68,0.16,0.21,0.0,1.02,1.98,0.48,0.26,0.95,1.41,0.27,0.91,0.15,0.29,0.0,0.0,0.2,0
0.7,0.13,0.25,0.0,1.01,1.92,0.47,0.27,0.98,1.34,0.29,0.96,0.14,0.31,0.0,0.0,0.19,0
0.71,0.06,0.19,0.0,1.03,1.97,0.47,0.22,1.0,1.37,0.27,0.91,0.1,0.3,0.0,0.0,0.02,0
0.65,0.04,0.15,0.0,1.0,1.87,0.41,0.18,1.03,1.4,0.25,0.89,0.05,0.33,0.0,0.0,0.02,0
0.61,0.0,0.13,0.0,1.01,1.81,0.39,0.24,1.04,1.45,0.18,0.84,0.06,0.35,0.0,0.0,0.0,0
0.61,0.0,0.21,0.0,1.03,1.8,0.35,0.3,1.06,1.42,0.14,0.81,0.06,0.37,0.0,0.0,0.02,0
0.58,0.0,0.21,0.0,1.05,1.81,0.33,0.25,1.07,1.35,0.12,0.81,0.04,0.37,0.0,0.0,0.02,0
0.59,0.0,0.21,0.0,1.02,1.85,0.34,0.26,1.1,1.33,0.2,0.81,0.01,0.36,0.0,0.0,0.02,0
0.56,0.0,0.22,0.0,1.01,1.91,0.32,0.24,1.12,1.35,0.24,0.83,0.01,0.35,0.0,0.0,0.0,0
0.56,0.0,0.23,0.0,0.99,1.93,0.31,0.3,1.12,1.4,0.26,0.84,0.02,0.31,0.0,0.0,0.01,0
0.59,0.0,0.27,0.0,1.0,1.93,0.31,0.24,1.1,1.38,0.27,0.88,0.02,0.3,0.0,0.0,0.01,0
0.65,0.0,0.24,0.0,0.98,1.92,0.34,0.24,1.05,1.38,0.21,0.9,0.03,0.31,0.0,0.0,0.01,0
0.67,0.0,0.24,0.0,1.03,1.93,0.37,0.28,1.04,1.43,0.14,0.88,0.05,0.28,0.0,0.0,0.0,0
0.65,0.0,0.17,0.0,1.02,1.95,0.36,0.35,1.02,1.39,0.08,0.8,0.07,0.27,0.0,0.0,0.0,0
0.57,0.0,0.13,0.0,1.03,1.85,0.34,0.33,1.02,1.44,0.05,0.8,0.12,0.26,0.0,0.0,0.0,0
0.53,0.0,0.09,0.0,0.98,1.76,0.33,0.29,0.98,1.38,0.08,0.84,0.1,0.28,0.0,0.0,0.0,0
0.54,0.0,0.13,0.0,0.99,1.71,0.38,0.27,0.98,1.45,0.1,0.9,0.11,0.28,0.0,0.0,0.0,0
0.54,0.0,0.18,0.0,0.99,1.75,0.4,0.3,0.97,1.44,0.15,0.93,0.1,0.27,0.0,0.0,0.0,0
0.56,0.0,0.26,0.0,1.03,1.87,0.43,0.31,0.98,1.56,0.22,0.93,0.1,0.26,0.0,0.0,0.0,0
0.52,0.0,0.24,0.0,1.06,1.95,0.39,0.33,1.0,1.57,0.19,0.94,0.14,0.27,0.0,0.0,0.0,0
0.48,0.0,0.23,0.0,1.09,2.05,0.4,0.38,1.05,1.62,0.27,0.86,0.16,0.27,0.0,0.0,0.0,0
0.46,0.0,0.22,0.0,1.09,2.08,0.36,0.38,1.06,1.55,0.22,0.8,0.21,0.27,0.0,0.0,0.0,0
0.42,0.0,0.24,0.0,1.11,2.12,0.35,0.32,1.05,1.5,0.29,0.77,0.23,0.29,0.0,0.0,0.0,0
0.45,0.0,0.25,0.0,1.1,2.02,0.3,0.26,1.02,1.45,0.24,0.76,0.25,0.27,0.0,0.0,0.0,0
0.45,0.0,0.25,0.0,1.1,2.05,0.33,0.28,1.02,1.43,0.24,0.77,0.25,0.26,0.0,0.0,0.0,0
0.48,0.0,0.21,0.0,1.08,2.04,0.32,0.31,1.02,1.45,0.21,0.74,0.22,0.25,0.0,0.0,0.0,0
0.46,0.0,0.17,0.0,1.1,2.07,0.36,0.3,1.05,1.44,0.17,0.8,0.19,0.28,0.0,0.0,0.0,0
0.47,0.0,0.15,0.0,1.09,2.11,0.34,0.24,1.05,1.43,0.15,0.82,0.14,0.31,0.0,0.0,0.0,0
0.49,0.0,0.12,0.0,1.07,2.04,0.34,0.2,1.05,1.42,0.13,0.87,0.07,0.33,0.0,0.0,0.0,0
0.54,0.0,0.1,0.0,1.01,2.02,0.34,0.19,1.02,1.4,0.11,0.81,0.02,0.36,0.0,0.0,0.0,0
0.57,0.03,0.08,0.0,0.99,1.92,0.36,0.24,1.04,1.46,0.11,0.82,0.0,0.38,0.0,0.0,0.0,0
0.57,0.11,0.12,0.0,0.99,1.97,0.36,0.27,1.07,1.42,0.08,0.77,0.06,0.35,0.0,0.0,0.03,0
0.54,0.11,0.19,0.0,1.07,2.1,0.41,0.3,1.12,1.4,0.06,0.79,0.13,0.28,0.0,0.0,0.09,0
0.56,0.1,0.25,0.0,1.2,2.2,0.51,0.31,1.2,1.34,0.05,0.8,0.16,0.17,0.0,0.0,0.6,0
0.56,0.03,0.24,0.0,1.25,2.16,0.63,0.37,1.29,1.34,0.09,0.75,0.2,0.08,0.0,0.0,1.46,0
0.57,0.03,0.19,0.0,1.24,1.99,0.72,0.4,1.37,1.31,0.09,0.66,0.23,0.02,0.0,0.0,2.27,0
0.54,0.0,0.16,0.0,1.19,1.89,0.74,0.4,1.36,1.23,0.13,0.62,0.27,0.01,0.0,0.0,2.45,0
0.55,0.0,0.19,0.0,1.24,1.93,0.77,0.33,1.32,1.22,0.07,0.67,0.25,0.04,0.0,0.0,2.09,0
0.54,0.0,0.28,0.0,1.38,2.23,0.81,0.34,1.28,1.24,0.08,0.78,0.17,0.11,0.0,0.0,1.56,0
0.58,0.0,0.3,0.0,1.43,2.27,0.79,0.4,1.25,1.26,0.09,0.78,0.12,0.16,0.0,0.0,1.06,0
0.64,0.0,0.31,0.0,1.42,2.3,0.75,0.45,1.21,1.25,0.1,0.77,0.04,0.19,0.0,0.0,0.65,0
0.65,0.0,0.22,0.0,1.3,2.09,0.64,0.42,1.17,1.2,0.13,0.73,0.05,0.15,0.0,0.0,0.4,0
0.56,0.0,0.16,0.0,1.22,2.05,0.55,0.36,1.15,1.19,0.06,0.73,0.07,0.14,0.0,0.0,0.27,0
0.5,0.0,0.12,0.0,1.2,1.95,0.46,0.36,1.16,1.19,0.08,0.71,0.08,0.12,0.0,0.0,0.14,0
0.46,0.0,0.11,0.0,1.2,1.86,0.39,0.35,1.15,1.19,0.08,0.76,0.05,0.16,0.0,0.0,0.06,0
0.53,0.08,0.14,0.0,1.21,1.85,0.4,0.27,1.13,1.25,0.1,0.74,0.06,0.2,0.0,0.0,0.0,0
0.51,0.08,0.13,0.0,1.17,1.86,0.37,0.26,1.12,1.24,0.13,0.72,0.04,0.2,0.0,0.0,0.05,0
0.54,0.08,0.15,0.0,1.11,1.85,0.34,0.29,1.14,1.21,0.15,0.65,0.06,0.21,0.0,0.0,0.05,0
0.5,0.0,0.12,0.0,1.06,1.72,0.3,0.32,1.16,1.2,0.18,0.6,0.03,0.19,0.0,0.0,0.05,0
0.51,0.0,0.15,0.0,1.06,1.72,0.27,0.26,1.15,1.19,0.22,0.56,0.07,0.23,0.0,0.0,0.0,0
0.5,0.0,0.17,0.0,1.09,1.73,0.29,0.24,1.12,1.23,0.27,0.49,0.07,0.23,0.0,0.0,0.01,0
0.54,0.0,0.22,0.0,1.12,1.8,0.3,0.21,1.08,1.25,0.26,0.49,0.06,0.25,0.0,0.0,0.01,1
0.56,0.0,0.24,0.0,1.09,1.83,0.35,0.24,1.09,1.34,0.19,0.5,0.02,0.25,0.0,0.0,0.01,0
0.56,0.0,0.2,0.0,1.08,1.92,0.32,0.17,1.09,1.37,0.08,0.53,0.0,0.27,0.0,0.0,0.0,1
0.48,0.0,0.2,0.0,1.09,1.9,0.32,0.16,1.11,1.36,0.03,0.51,0.0,0.28,0.0,0.0,0.0,0
0.49,0.0,0.2,0.0,1.07,1.91,0.31,0.16,1.07,1.32,0.05,0.54,0.0,0.29,0.0,0.0,0.0,1
0.5,0.0,0.29,0.0,1.1,1.91,0.36,0.21,1.06,1.37,0.1,0.58,0.0,0.28,0.0,0.0,0.0,0
0.55,0.0,0.3,0.0,1.09,2.06,0.35,0.22,1.06,1.36,0.15,0.67,0.0,0.25,0.0,0.0,0.0,1
0.56,0.0,0.28,0.0,1.14,2.11,0.35,0.22,1.06,1.47,0.15,0.61,0.02,0.23,0.0,0.0,0.0,0
0.58,0.0,0.22,0.0,1.15,2.25,0.34,0.18,1.07,1.48,0.09,0.63,0.05,0.22,0.0,0.0,0.0,1
0.57,0.0,0.24,0.0,1.15,2.2,0.35,0.2,1.06,1.51,0.14,0.58,0.06,0.22,0.0,0.0,0.0,1
0.56,0.0,0.26,0.0,1.14,2.13,0.31,0.2,1.08,1.45,0.2,0.62,0.06,0.22,0.0,0.0,0.0,1
0.52,0.0,0.29,0.0,1.12,2.06,0.27,0.21,1.09,1.44,0.32,0.58,0.04,0.21,0.0,0.0,0.0,1
0.53,0.0,0.27,0.0,1.12,1.99,0.25,0.2,1.07,1.45,0.32,0.61,0.02,0.23,0.0,0.0,0.0,1
0.49,0.0,0.29,0.0,1.15,2.05,0.22,0.22,1.05,1.42,0.38,0.65,0.01,0.22,0.0,0.0,0.0,1
0.48,0.0,0.25,0.0,1.15,2.06,0.24,0.18,1.03,1.44,0.37,0.67,0.0,0.22,0.0,0.0,0.0,1
0.46,0.0,0.23,0.0,1.11,2.09,0.19,0.21,1.05,1.44,0.44,0.68,0.0,0.23,0.0,0.0,0.0,1
0.49,0.0,0.23,0.0,1.05,2.05,0.19,0.14,1.04,1.42,0.36,0.7,0.01,0.23,0.0,0.0,0.0,1
0.47,0.0,0.25,0.0,1.05,1.91,0.14,0.19,1.04,1.41,0.37,0.78,0.04,0.26,0.0,0.0,0.0,1
0.47,0.0,0.27,0.0,1.06,1.96,0.16,0.18,1.03,1.45,0.3,0.79,0.1,0.25,0.0,0.0,0.0,1
0.42,0.0,0.2,0.0,1.08,1.89,0.16,0.21,1.04,1.48,0.35,0.8,0.16,0.28,0.0,0.0,0.0,1
0.4,0.0,0.2,0.0,1.07,1.89,0.18,0.21,1.03,1.43,0.33,0.73,0.13,0.23,0.0,0.0,0.0,1
0.41,0.0,0.22,0.0,1.06,1.79,0.19,0.21,1.0,1.39,0.37,0.69,0.08,0.22,0.0,0.0,0.0,1
0.43,0.0,0.26,0.0,1.04,1.78,0.2,0.17,0.97,1.36,0.35,0.66,0.07,0.2,0.0,0.0,0.0,1
0.46,0.0,0.28,0.0,1.04,1.84,0.23,0.16,0.94,1.38,0.37,0.72,0.11,0.21,0.0,0.0,0.0,1
0.46,0.0,0.28,0.0,1.04,1.82,0.28,0.15,0.93,1.37,0.41,0.8,0.15,0.19,0.0,0.0,0.0,1
0.46,0.0,0.3,0.0,1.07,1.96,0.36,0.18,0.92,1.43,0.38,0.84,0.17,0.16,0.0,0.0,0.04,1
0.46,0.0,0.38,0.0,1.17,2.13,0.54,0.24,0.93,1.49,0.34,0.83,0.19,0.09,0.0,0.0,0.32,1
0.45,0.0,0.36,0.0,1.25,2.25,0.67,0.34,0.97,1.52,0.28,0.81,0.2,0.04,0.0,0.0,0.96,1
0.51,0.0,0.34,0.0,1.26,2.22,0.73,0.4,1.03,1.52,0.28,0.78,0.21,0.0,0.0,0.0,1.64,1
0.57,0.0,0.28,0.0,1.21,2.03,0.68,0.42,1.1,1.51,0.26,0.78,0.31,0.0,0.0,0.0,2.05,1
0.58,0.0,0.35,0.0,1.28,2.2,0.69,0.45,1.12,1.54,0.2,0.77,0.39,0.0,0.0,0.0,2.04,1
0.54,0.0,0.44,0.0,1.4,2.37,0.74,0.52,1.1,1.6,0.16,0.81,0.42,0.0,0.0,0.0,1.68,1
0.5,0.01,0.48,0.0,1.52,2.44,0.74,0.53,1.11,1.6,0.14,0.85,0.38,0.0,0.0,0.0,1.13,1
0.51,0.01,0.43,0.0,1.49,2.44,0.66,0.51,1.14,1.57,0.15,0.86,0.37,0.0,0.0,0.0,0.67,1
0.5,0.01,0.35,0.0,1.41,2.34,0.59,0.5,1.18,1.49,0.22,0.89,0.37,0.0,0.0,0.0,0.41,1
0.49,0.0,0.27,0.0,1.29,2.34,0.47,0.52,1.2,1.44,0.25,0.89,0.35,0.03,0.0,0.0,0.39,1
0.49,0.0,0.2,0.0,1.21,2.13,0.42,0.55,1.2,1.42,0.31,0.9,0.32,0.05,0.0,0.0,0.33,1
0.49,0.0,0.17,0.0,1.17,2.04,0.38,0.51,1.17,1.45,0.25,0.86,0.3,0.07,0.0,0.0,0.33,1
0.48,0.0,0.2,0.0,1.15,1.94,0.36,0.5,1.14,1.48,0.3,0.84,0.25,0.08,0.0,0.0,0.23,1
0.47,0.0,0.25,0.0,1.17,1.98,0.34,0.48,1.15,1.49,0.28,0.8,0.23,0.09,0.0,0.0,0.18,1
0.48,0.0,0.24,0.0,1.2,2.06,0.33,0.46,1.18,1.49,0.35,0.8,0.23,0.11,0.0,0.0,0.11,1
0.46,0.0,0.23,0.0,1.23,2.14,0.35,0.39,1.21,1.48,0.37,0.85,0.17,0.13,0.0,0.0,0.16,1
0.43,0.0,0.2,0.0,1.2,2.18,0.39,0.4,1.21,1.47,0.38,0.84,0.09,0.14,0.0,0.0,0.1,1
0.41,0.0,0.22,0.0,1.17,2.11,0.4,0.38,1.19,1.43,0.34,0.74,0.0,0.16,0.0,0.0,0.09,1
0.41,0.0,0.2,0.0,1.14,2.14,0.39,0.45,1.17,1.51,0.33,0.68,0.05,0.18,0.0,0.0,0.05,1
0.42,0.0,0.19,0.0,1.15,2.07,0.37,0.44,1.15,1.59,0.29,0.66,0.1,0.2,0.0,0.0,0.09,1
0.42,0.0,0.21,0.0,1.16,2.11,0.38,0.47,1.13,1.68,0.32,0.74,0.13,0.19,0.0,0.0,0.07,1
0.44,0.0,0.24,0.0,1.15,2.05,0.39,0.43,1.12,1.6,0.29,0.75,0.11,0.17,0.0,0.0,0.04,1
0.49,0.0,0.3,0.0,1.15,2.2,0.38,0.45,1.11,1.6,0.31,0.75,0.09,0.17,0.0,0.0,0.0,1
0.48,0.0,0.35,0.0,1.11,2.17,0.39,0.46,1.1,1.56,0.32,0.7,0.11,0.16,0.0,0.0,0.0,1
0.51,0.0,0.36,0.0,1.11,2.23,0.43,0.48,1.08,1.62,0.37,0.69,0.08,0.16,0.0,0.0,0.0,1
0.46,0.0,0.32,0.0,1.11,2.0,0.44,0.38,1.08,1.62,0.37,0.72,0.07,0.16,0.0,0.0,0.0,1
0.5,0.0,0.25,0.0,1.14,2.0,0.42,0.36,1.09,1.71,0.33,0.76,0.04,0.18,0.0,0.0,0.0,1
0.49,0.0,0.26,0.0,1.21,1.86,0.41,0.29,1.11,1.71,0.27,0.69,0.07,0.17,0.0,0.0,0.0,1
0.52,0.0,0.31,0.0,1.24,1.97,0.44,0.33,1.13,1.72,0.25,0.64,0.05,0.16,0.0,0.0,0.0,1
0.49,0.0,0.32,0.0,1.25,1.92,0.44,0.28,1.15,1.6,0.23,0.66,0.04,0.14,0.0,0.0,0.0,1
0.48,0.0,0.33,0.0,1.21,1.98,0.43,0.28,1.17,1.54,0.2,0.7,0.01,0.15,0.0,0.0,0.0,1
0.46,0.0,0.34,0.0,1.2,2.03,0.41,0.31,1.16,1.44,0.19,0.69,0.01,0.16,0.0,0.0,0.0,1
0.46,0.0,0.37,0.0,1.24,2.14,0.41,0.35,1.15,1.48,0.18,0.6,0.01,0.15,0.0,0.0,0.0,1
0.43,0.0,0.31,0.0,1.29,2.26,0.44,0.38,1.14,1.52,0.2,0.6,0.0,0.14,0.0,0.0,0.0,1
0.47,0.0,0.3,0.0,1.3,2.25,0.47,0.33,1.12,1.54,0.2,0.69,0.05,0.16,0.0,0.0,0.0,1
0.42,0.0,0.26,0.0,1.3,2.18,0.49,0.3,1.14,1.49,0.19,0.74,0.05,0.19,0.0,0.0,0.0,1
0.4,0.0,0.25,0.0,1.31,2.17,0.5,0.27,1.16,1.44,0.16,0.79,0.06,0.22,0.0,0.0,0.0,1
0.38,0.0,0.26,0.0,1.32,2.15,0.48,0.24,1.18,1.4,0.14,0.71,0.02,0.22,0.0,0.0,0.0,1
0.46,0.0,0.34,0.0,1.31,2.19,0.44,0.23,1.16,1.45,0.11,0.73,0.06,0.21,0.0,0.0,0.0,1
0.47,0.0,0.39,0.0,1.3,2.19,0.42,0.25,1.15,1.47,0.07,0.71,0.1,0.19,0.0,0.0,0.0,1
0.45,0.0,0.35,0.0,1.27,2.15,0.4,0.32,1.15,1.48,0.06,0.7,0.17,0.2,0.0,0.0,0.0,1
0.39,0.0,0.28,0.0,1.26,2.19,0.45,0.32,1.16,1.43,0.09,0.7,0.13,0.21,0.0,0.0,0.0,1
0.38,0.0,0.33,0.0,1.27,2.04,0.49,0.32,1.19,1.44,0.15,0.66,0.21,0.15,0.0,0.0,0.1,1
0.37,0.0,0.42,0.0,1.35,2.21,0.59,0.4,1.23,1.53,0.14,0.69,0.29,0.08,0.0,0.0,0.48,1
0.35,0.0,0.46,0.0,1.37,2.21,0.62,0.47,1.29,1.53,0.21,0.7,0.38,0.0,0.0,0.0,1.12,1
0.35,0.0,0.39,0.0,1.33,2.15,0.59,0.56,1.36,1.48,0.26,0.7,0.33,0.0,0.0,0.0,1.77,1
0.34,0.0,0.3,0.0,1.27,1.89,0.53,0.5,1.39,1.37,0.33,0.77,0.27,0.0,0.0,0.0,2.11,1
0.31,0.0,0.25,0.0,1.24,1.68,0.51,0.56,1.38,1.42,0.31,0.76,0.37,0.0,0.0,0.0,2.17,1
0.31,0.0,0.29,0.0,1.27,1.74,0.58,0.54,1.32,1.5,0.32,0.84,0.43,0.0,0.0,0.0,2.0,1
0.33,0.0,0.34,0.0,1.29,1.93,0.63,0.58,1.24,1.59,0.28,0.87,0.45,0.0,0.0,0.0,1.66,1
0.37,0.0,0.42,0.0,1.33,2.2,0.63,0.61,1.18,1.55,0.3,0.96,0.34,0.0,0.0,0.0,1.21,1
0.41,0.0,0.38,0.0,1.32,2.26,0.57,0.62,1.17,1.53,0.24,1.03,0.37,0.0,0.0,0.0,0.74,1
0.37,0.0,0.31,0.0,1.25,2.02,0.51,0.61,1.19,1.5,0.26,1.08,0.41,0.04,0.0,0.0,0.42,1
0.29,0.0,0.21,0.0,1.15,1.75,0.44,0.54,1.19,1.52,0.19,1.08,0.4,0.08,0.0,0.0,0.18,1
0.24,0.0,0.21,0.0,1.07,1.56,0.36,0.5,1.16,1.51,0.19,1.13,0.36,0.16,0.0,0.0,0.05,1
0.23,0.0,0.23,0.0,1.02,1.58,0.27,0.46,1.17,1.53,0.15,1.16,0.29,0.2,0.0,0.0,0.0,1
0.29,0.0,0.27,0.0,1.0,1.54,0.2,0.5,1.17,1.54,0.14,1.21,0.36,0.25,0.0,0.0,0.0,1
0.31,0.0,0.3,0.0,1.0,1.56,0.2,0.54,1.18,1.55,0.2,1.18,0.35,0.28,0.0,0.0,0.0,1
0.31,0.0,0.3,0.0,1.0,1.62,0.16,0.54,1.16,1.49,0.26,1.13,0.38,0.33,0.0,0.0,0.0,1
0.27,0.0,0.28,0.0,0.99,1.56,0.15,0.45,1.21,1.37,0.33,1.08,0.36,0.35,0.0,0.0,0.0,1
0.26,0.0,0.29,0.0,1.02,1.61,0.16,0.42,1.25,1.39,0.35,1.03,0.3,0.34,0.0,0.0,0.0,1
0.24,0.0,0.31,0.0,1.06,1.5,0.23,0.41,1.3,1.41,0.37,0.99,0.28,0.29,0.0,0.0,0.0,1
0.23,0.0,0.36,0.0,1.09,1.67,0.28,0.46,1.33,1.51,0.34,0.93,0.27,0.24,0.0,0.0,0.0,1
0.15,0.0,0.4,0.0,1.18,1.8,0.37,0.48,1.38,1.48,0.32,0.91,0.31,0.14,0.0,0.0,0.23,1
0.14,0.0,0.42,0.0,1.28,2.09,0.47,0.55,1.47,1.54,0.28,0.83,0.35,0.06,0.0,0.0,0.87,1
0.1,0.0,0.41,0.0,1.39,2.15,0.6,0.6,1.52,1.53,0.2,0.71,0.45,0.0,0.0,0.0,1.63,1
0.1,0.0,0.36,0.0,1.41,2.11,0.65,0.61,1.57,1.56,0.17,0.57,0.57,0.0,0.0,0.0,2.06,1
0.05,0.0,0.4,0.0,1.43,2.06,0.67,0.54,1.55,1.52,0.13,0.54,0.58,0.0,0.0,0.0,2.03,1
0.11,0.0,0.44,0.0,1.45,2.05,0.64,0.51,1.5,1.53,0.19,0.62,0.46,0.0,0.0,0.0,1.77,1
0.17,0.0,0.49,0.0,1.46,2.22,0.59,0.52,1.45,1.56,0.26,0.66,0.31,0.0,0.0,0.0,1.5,1
0.22,0.0,0.46,0.0,1.42,2.13,0.54,0.5,1.41,1.58,0.33,0.74,0.24,0.0,0.0,0.0,1.08,1
0.18,0.0,0.41,0.0,1.38,2.11,0.49,0.46,1.4,1.6,0.35,0.74,0.28,0.0,0.0,0.0,0.66,1
0.16,0.0,0.33,0.0,1.31,1.93,0.4,0.41,1.39,1.55,0.28,0.8,0.35,0.0,0.0,0.0,0.37,1
0.17,0.0,0.24,0.0,1.26,1.85,0.29,0.42,1.39,1.56,0.26,0.81,0.43,0.02,0.0,0.0,0.19,1
0.2,0.0,0.23,0.0,1.19,1.82,0.22,0.42,1.35,1.59,0.23,0.82,0.45,0.05,0.0,0.0,0.2,1
0.24,0.0,0.21,0.0,1.13,1.78,0.16,0.42,1.32,1.6,0.23,0.82,0.43,0.06,0.0,0.0,0.15,1
0.22,0.0,0.23,0.0,1.09,1.83,0.14,0.41,1.32,1.61,0.2,0.81,0.43,0.06,0.0,0.0,0.18,1
0.22,0.0,0.24,0.0,1.07,1.8,0.12,0.44,1.35,1.6,0.28,0.86,0.37,0.07,0.0,0.0,0.15,1
0.19,0.0,0.24,0.0,1.05,1.82,0.15,0.47,1.37,1.66,0.32,0.88,0.4,0.09,0.0,0.0,0.1,1
0.17,0.0,0.23,0.0,1.06,1.75,0.13,0.49,1.35,1.69,0.36,0.88,0.47,0.11,0.0,0.0,0.04,1
0.16,0.0,0.24,0.0,1.06,1.78,0.15,0.48,1.35,1.74,0.31,0.88,0.53,0.11,0.0,0.0,0.0,1
0.16,0.0,0.25,0.0,1.07,1.86,0.09,0.49,1.37,1.75,0.3,0.87,0.53,0.12,0.0,0.0,0.07,1
0.14,0.0,0.3,0.0,1.06,2.06,0.1,0.52,1.39,1.78,0.3,0.92,0.47,0.1,0.0,0.0,0.07,1
0.17,0.0,0.29,0.0,1.06,2.05,0.08,0.58,1.38,1.78,0.28,0.91,0.52,0.1,0.0,0.0,0.07,1
0.17,0.0,0.28,0.0,1.06,1.96,0.08,0.54,1.35,1.74,0.28,0.9,0.6,0.1,0.0,0.0,0.0,1
0.23,0.0,0.27,0.0,1.11,1.91,0.04,0.54,1.36,1.74,0.33,0.89,0.62,0.11,0.0,0.0,0.0,1
0.25,0.0,0.29,0.0,1.12,2.02,0.04,0.53,1.34,1.79,0.37,0.88,0.56,0.09,0.0,0.0,0.0,1
0.25,0.0,0.3,0.0,1.13,2.02,0.03,0.56,1.36,1.86,0.38,0.88,0.47,0.05,0.0,0.0,0.0,1
0.19,0.0,0.28,0.0,1.08,2.02,0.03,0.56,1.35,1.84,0.35,0.86,0.47,0.06,0.0,0.0,0.0,1
0.08,0.0,0.22,0.0,1.08,1.9,0.01,0.59,1.37,1.82,0.38,0.88,0.5,0.09,0.0,0.0,0.0,1
0.06,0.0,0.2,0.0,1.08,1.98,0.01,0.63,1.37,1.81,0.4,0.92,0.54,0.13,0.0,0.0,0.0,1
0.09,0.0,0.21,0.0,1.1,2.03,0.01,0.72,1.37,1.87,0.44,0.92,0.57,0.11,0.0,0.0,0.0,1
0.12,0.0,0.3,0.0,1.1,2.11,0.03,0.7,1.39,1.87,0.41,0.93,0.56,0.09,0.0,0.0,0.0,1
0.12,0.0,0.41,0.0,1.16,2.13,0.1,0.74,1.37,1.87,0.42,0.92,0.56,0.05,0.0,0.0,0.09,1
0.1,0.0,0.45,0.0,1.27,2.05,0.26,0.69,1.41,1.77,0.35,0.9,0.57,0.02,0.0,0.0,0.52,1
0.19,0.0,0.43,0.0,1.32,1.96,0.38,0.74,1.46,1.74,0.32,0.83,0.64,0.0,0.0,0.0,1.33,1
0.26,0.0,0.33,0.0,1.27,1.62,0.38,0.68,1.51,1.72,0.26,0.82,0.66,0.0,0.0,0.0,2.2,1
0.35,0.0,0.3,0.0,1.13,1.34,0.32,0.69,1.51,1.81,0.32,0.8,0.66,0.0,0.0,0.0,2.76,1
0.32,0.0,0.22,0.0,1.07,1.03,0.29,0.67,1.49,1.75,0.43,0.82,0.59,0.0,0.0,0.0,2.89,1
0.37,0.0,0.25,0.0,1.12,1.13,0.35,0.64,1.47,1.74,0.42,0.82,0.62,0.0,0.0,0.0,2.75,1
0.34,0.0,0.31,0.0,1.27,1.52,0.4,0.63,1.44,1.77,0.41,0.86,0.48,0.0,0.0,0.0,2.38,1
0.32,0.0,0.42,0.0,1.42,1.95,0.5,0.63,1.38,1.87,0.32,0.81,0.48,0.0,0.0,0.0,1.91,1
0.24,0.0,0.44,0.0,1.48,2.16,0.57,0.63,1.32,1.87,0.36,0.79,0.39,0.0,0.0,0.0,1.34,1
0.2,0.0,0.41,0.0,1.44,2.06,0.57,0.6,1.28,1.8,0.37,0.72,0.42,0.0,0.0,0.0,0.82,1
0.17,0.0,0.34,0.0,1.37,1.96,0.51,0.61,1.3,1.74,0.36,0.69,0.43,0.0,0.0,0.0,0.52,1
0.12,0.0,0.31,0.0,1.32,1.82,0.4,0.63,1.31,1.71,0.33,0.67,0.44,0.01,0.0,0.0,0.37,1
0.1,0.0,0.24,0.0,1.28,1.77,0.29,0.63,1.32,1.67,0.29,0.65,0.46,0.02,0.0,0.0,0.29,1
0.08,0.0,0.22,0.0,1.21,1.71,0.2,0.56,1.32,1.6,0.31,0.68,0.44,0.05,0.0,0.0,0.13,1
0.07,0.0,0.18,0.0,1.18,1.69,0.17,0.55,1.29,1.54,0.36,0.71,0.42,0.08,0.0,0.0,0.03,1
0.04,0.0,0.15,0.0,1.12,1.64,0.15,0.49,1.26,1.49,0.37,0.74,0.47,0.12,0.0,0.0,0.0,1
0.03,0.0,0.15,0.0,1.11,1.56,0.15,0.47,1.23,1.5,0.35,0.74,0.5,0.13,0.0,0.0,0.0,1
0.02,0.0,0.16,0.0,1.1,1.52,0.15,0.41,1.24,1.54,0.26,0.72,0.51,0.16,0.0,0.0,0.0,1
0.04,0.0,0.22,0.0,1.11,1.59,0.17,0.42,1.25,1.52,0.25,0.75,0.46,0.18,0.0,0.0,0.0,1
0.08,0.0,0.28,0.0,1.12,1.7,0.18,0.43,1.25,1.52,0.3,0.74,0.36,0.2,0.0,0.0,0.0,1
0.12,0.01,0.35,0.0,1.12,1.78,0.18,0.48,1.22,1.58,0.36,0.75,0.31,0.2,0.0,0.0,0.0,1
0.12,0.03,0.33,0.0,1.13,1.8,0.21,0.43,1.21,1.65,0.34,0.77,0.21,0.21,0.0,0.0,0.0,1
0.08,0.03,0.3,0.0,1.15,1.89,0.22,0.41,1.23,1.67,0.3,0.81,0.25,0.21,0.0,0.0,0.0,1
0.1,0.02,0.24,0.0,1.16,1.93,0.23,0.4,1.25,1.61,0.27,0.79,0.29,0.19,0.0,0.0,0.0,1
0.13,0.0,0.23,0.0,1.15,1.94,0.18,0.4,1.23,1.64,0.31,0.71,0.37,0.16,0.0,0.0,0.0,1
0.18,0.0,0.22,0.0,1.15,1.83,0.16,0.38,1.22,1.65,0.28,0.78,0.38,0.15,0.0,0.0,0.03,1
0.2,0.01,0.27,0.0,1.13,1.76,0.18,0.32,1.2,1.66,0.2,0.82,0.4,0.16,0.0,0.0,0.03,1
0.19,0.01,0.27,0.0,1.11,1.71,0.23,0.31,1.21,1.58,0.12,0.85,0.35,0.17,0.0,0.0,0.09,1
0.2,0.01,0.22,0.0,1.07,1.76,0.24,0.34,1.21,1.57,0.06,0.78,0.35,0.18,0.0,0.0,0.05,1
0.2,0.0,0.18,0.0,1.09,1.76,0.23,0.37,1.22,1.52,0.07,0.77,0.36,0.14,0.0,0.0,0.05,1
0.19,0.0,0.21,0.0,1.1,1.75,0.24,0.31,1.2,1.55,0.04,0.85,0.38,0.13,0.0,0.0,0.0,1
0.19,0.0,0.3,0.0,1.13,1.81,0.28,0.29,1.2,1.53,0.13,0.86,0.35,0.09,0.0,0.0,0.15,1
0.19,0.0,0.39,0.0,1.18,1.95,0.35,0.31,1.19,1.54,0.17,0.88,0.25,0.06,0.0,0.0,0.46,1
0.21,0.0,0.38,0.0,1.24,2.03,0.43,0.43,1.2,1.51,0.34,0.83,0.21,0.02,0.0,0.0,0.99,1
0.29,0.0,0.31,0.0,1.25,1.95,0.52,0.49,1.22,1.51,0.38,0.78,0.19,0.0,0.0,0.0,1.65,1
0.4,0.0,0.22,0.0,1.17,1.64,0.52,0.57,1.26,1.55,0.38,0.77,0.22,0.0,0.0,0.0,2.26,1
0.49,0.0,0.15,0.0,1.06,1.18,0.5,0.58,1.26,1.55,0.22,0.75,0.27,0.0,0.0,0.0,2.71,1
0.47,0.0,0.12,0.0,0.96,0.92,0.47,0.55,1.22,1.56,0.18,0.75,0.34,0.0,0.0,0.0,2.93,1
0.45,0.0,0.11,0.0,1.01,0.99,0.56,0.6,1.16,1.53,0.23,0.76,0.36,0.0,0.0,0.0,2.79,1
0.46,0.0,0.24,0.0,1.09,1.42,0.62,0.63,1.14,1.54,0.27,0.82,0.35,0.0,0.0,0.0,2.53,1
0.55,0.0,0.39,0.0,1.24,1.81,0.69,0.65,1.08,1.56,0.26,0.95,0.23,0.0,0.0,0.0,1.92,1
0.51,0.0,0.41,0.0,1.29,2.07,0.67,0.56,1.06,1.62,0.22,0.98,0.16,0.0,0.0,0.0,1.44,1
0.5,0.0,0.38,0.0,1.33,2.09,0.64,0.51,0.98,1.64,0.19,1.0,0.11,0.01,0.0,0.0,0.93,1
0.44,0.0,0.32,0.0,1.33,2.01,0.63,0.5,0.96,1.66,0.18,0.99,0.17,0.01,0.0,0.0,0.63,1
0.42,0.0,0.31,0.0,1.28,1.88,0.62,0.46,0.89,1.61,0.16,0.98,0.22,0.03,0.0,0.0,0.5,1
0.39,0.0,0.28,0.0,1.19,1.74,0.6,0.38,0.84,1.6,0.17,0.97,0.19,0.03,0.0,0.0,0.38,1
0.35,0.0,0.22,0.0,1.08,1.56,0.54,0.31,0.8,1.56,0.14,0.93,0.18,0.08,0.0,0.0,0.28,1
0.38,0.0,0.19,0.0,1.04,1.52,0.47,0.27,0.77,1.54,0.09,0.94,0.14,0.1,0.0,0.0,0.15,1
0.37,0.0,0.14,0.0,1.01,1.55,0.42,0.27,0.75,1.5,0.04,0.94,0.17,0.14,0.0,0.0,0.09,1
0.4,0.02,0.11,0.0,1.05,1.69,0.4,0.27,0.74,1.53,0.0,0.99,0.22,0.14,0.0,0.0,0.08,1
0.43,0.02,0.08,0.0,1.02,1.64,0.4,0.26,0.73,1.52,0.02,1.04,0.24,0.15,0.0,0.0,0.04,1
0.44,0.02,0.06,0.0,1.02,1.62,0.43,0.25,0.76,1.52,0.02,1.03,0.25,0.19,0.0,0.0,0.06,1
0.44,0.05,0.11,0.0,0.98,1.56,0.44,0.24,0.77,1.51,0.02,1.01,0.18,0.22,0.0,0.0,0.08,1
0.4,0.06,0.13,0.0,0.98,1.69,0.41,0.21,0.79,1.53,0.0,0.98,0.14,0.23,0.0,0.0,0.12,1
0.4,0.05,0.17,0.0,0.98,1.73,0.4,0.15,0.79,1.6,0.0,1.05,0.13,0.23,0.0,0.0,0.09,1
0.4,0.0,0.17,0.0,0.98,1.71,0.39,0.17,0.78,1.57,0.0,1.07,0.13,0.19,0.0,0.0,0.1,1
0.42,0.0,0.2,0.0,0.98,1.57,0.38,0.18,0.77,1.58,0.03,1.08,0.17,0.18,0.0,0.0,0.1,1
0.4,0.0,0.18,0.0,0.99,1.5,0.39,0.22,0.72,1.45,0.03,0.97,0.14,0.15,0.0,0.0,0.13,1
0.41,0.0,0.14,0.0,1.02,1.37,0.37,0.23,0.72,1.45,0.03,0.99,0.19,0.15,0.0,0.0,0.09,1
0.4,0.0,0.13,0.0,1.02,1.36,0.35,0.25,0.71,1.42,0.04,1.01,0.22,0.14,0.0,0.0,0.04,1
0.4,0.0,0.15,0.0,1.0,1.31,0.27,0.25,0.76,1.47,0.1,1.07,0.32,0.13,0.0,0.0,0.03,1
0.37,0.0,0.18,0.0,0.98,1.44,0.21,0.27,0.79,1.44,0.14,1.09,0.3,0.15,0.0,0.0,0.07,1
0.31,0.0,0.18,0.0,0.98,1.49,0.21,0.26,0.79,1.4,0.16,1.1,0.31,0.17,0.0,0.0,0.17,1
0.34,0.01,0.2,0.0,0.96,1.52,0.25,0.33,0.81,1.44,0.17,1.14,0.32,0.17,0.0,0.0,0.18,1
0.37,0.01,0.18,0.0,0.97,1.57,0.28,0.34,0.83,1.47,0.19,1.13,0.32,0.16,0.0,0.0,0.16,1
0.42,0.01,0.22,0.0,0.98,1.59,0.29,0.39,0.86,1.53,0.16,1.11,0.28,0.11,0.0,0.0,0.06,1
0.4,0.0,0.23,0.0,1.0,1.71,0.27,0.35,0.88,1.5,0.14,1.09,0.24,0.1,0.0,0.0,0.02,1
0.39,0.0,0.27,0.0,1.02,1.79,0.29,0.36,0.89,1.47,0.12,1.13,0.31,0.09,0.0,0.0,0.0,1
0.37,0.0,0.3,0.0,1.05,1.86,0.28,0.35,0.91,1.45,0.12,1.12,0.36,0.1,0.0,0.0,0.0,1
0.37,0.0,0.36,0.0,1.06,1.93,0.31,0.37,0.91,1.48,0.1,1.14,0.44,0.12,0.0,0.0,0.06,1
0.37,0.0,0.4,0.0,1.07,1.94,0.28,0.37,0.91,1.55,0.13,1.08,0.4,0.11,0.0,0.0,0.08,1
0.33,0.0,0.43,0.0,1.06,1.8,0.25,0.39,0.92,1.57,0.17,1.06,0.38,0.08,0.0,0.0,0.07,1
0.32,0.0,0.36,0.0,1.09,1.85,0.28,0.41,0.95,1.61,0.17,0.96,0.3,0.04,0.0,0.0,0.1,1
0.36,0.0,0.37,0.0,1.17,1.85,0.4,0.51,1.05,1.58,0.16,0.91,0.31,0.01,0.0,0.0,0.64,1
0.41,0.0,0.3,0.0,1.19,1.81,0.51,0.63,1.14,1.5,0.19,0.85,0.32,0.0,0.0,0.0,1.5,1
0.43,0.0,0.25,0.0,1.16,1.37,0.55,0.72,1.23,1.45,0.17,0.8,0.41,0.0,0.0,0.0,2.32,1
0.41,0.0,0.16,0.0,1.05,0.97,0.5,0.72,1.26,1.42,0.13,0.77,0.42,0.0,0.0,0.0,2.7,1
0.41,0.0,0.17,0.0,1.03,0.77,0.48,0.68,1.25,1.5,0.03,0.77,0.43,0.0,0.0,0.0,2.78,1
0.43,0.0,0.29,0.0,1.11,0.89,0.53,0.64,1.22,1.58,0.02,0.77,0.43,0.0,0.0,0.0,2.67,1
0.38,0.0,0.42,0.0,1.2,1.18,0.61,0.59,1.15,1.62,0.0,0.8,0.36,0.0,0.0,0.0,2.41,1
0.4,0.06,0.47,0.0,1.3,1.66,0.69,0.56,1.11,1.66,0.0,0.71,0.38,0.0,0.0,0.0,1.94,1
0.41,0.06,0.48,0.0,1.36,2.0,0.66,0.57,1.08,1.64,0.04,0.76,0.29,0.0,0.0,0.0,1.55,1
0.43,0.06,0.41,0.0,1.38,2.12,0.64,0.59,1.07,1.74,0.09,0.72,0.42,0.0,0.0,0.0,1.08,1
0.35,0.0,0.31,0.0,1.31,2.03,0.55,0.56,1.05,1.69,0.09,0.86,0.42,0.0,0.0,0.0,0.79,1
0.32,0.0,0.19,0.0,1.22,1.93,0.46,0.48,1.05,1.68,0.09,0.89,0.49,0.0,0.0,0.0,0.5,1
0.29,0.0,0.15,0.0,1.17,1.92,0.36,0.47,1.07,1.61,0.04,0.94,0.4,0.0,0.0,0.0,0.4,1
0.32,0.0,0.18,0.0,1.13,1.83,0.33,0.47,1.06,1.61,0.06,0.93,0.37,0.0,0.0,0.0,0.33,1
0.3,0.06,0.2,0.0,1.1,1.79,0.31,0.5,1.04,1.64,0.05,0.96,0.3,0.0,0.0,0.0,0.3,1
0.31,0.06,0.16,0.0,1.04,1.67,0.28,0.43,1.01,1.64,0.17,1.01,0.34,0.02,0.0,0.0,0.28,1
0.28,0.06,0.12,0.0,1.04,1.63,0.26,0.49,1.01,1.67,0.22,1.0,0.42,0.02,0.0,0.0,0.17,1
0.25,0.0,0.11,0.0,1.02,1.48,0.24,0.5,1.0,1.63,0.32,0.94,0.46,0.02,0.0,0.0,0.15,1
0.24,0.0,0.1,0.0,1.03,1.48,0.24,0.56,1.01,1.58,0.29,0.91,0.44,0.01,0.0,0.0,0.07,1
0.21,0.0,0.13,0.0,1.04,1.54,0.24,0.59,1.03,1.56,0.27,0.89,0.42,0.01,0.0,0.0,0.07,1
0.16,0.0,0.16,0.0,1.09,1.69,0.26,0.62,1.05,1.62,0.2,0.9,0.36,0.02,0.0,0.0,0.07,1
0.15,0.0,0.19,0.0,1.12,1.71,0.26,0.64,1.07,1.64,0.22,0.92,0.33,0.03,0.0,0.0,0.11,1
0.16,0.0,0.18,0.0,1.12,1.7,0.25,0.59,1.06,1.64,0.21,1.01,0.25,0.06,0.0,0.0,0.19,1
0.19,0.0,0.19,0.0,1.1,1.69,0.2,0.54,1.04,1.58,0.27,1.07,0.25,0.06,0.0,0.0,0.21,1
0.2,0.0,0.16,0.0,1.09,1.78,0.21,0.54,1.0,1.58,0.3,1.06,0.26,0.05,0.0,0.0,0.25,1
0.18,0.0,0.23,0.0,1.17,1.9,0.34,0.57,1.01,1.61,0.36,0.94,0.32,0.01,0.0,0.0,0.48,1
0.23,0.0,0.28,0.0,1.27,2.06,0.47,0.59,1.06,1.65,0.33,0.92,0.35,0.01,0.0,0.0,1.04,1
0.26,0.0,0.31,0.0,1.27,1.91,0.54,0.61,1.13,1.65,0.24,0.9,0.29,0.0,0.0,0.0,1.91,1
0.32,0.0,0.23,0.0,1.14,1.49,0.51,0.6,1.17,1.66,0.17,0.92,0.24,0.0,0.0,0.0,2.55,1
0.3,0.0,0.14,0.0,1.04,1.21,0.45,0.59,1.18,1.61,0.13,0.83,0.26,0.0,0.0,0.0,2.82,1
0.26,0.0,0.23,0.0,1.09,1.35,0.48,0.6,1.13,1.59,0.18,0.84,0.27,0.0,0.0,0.0,2.53,1
0.24,0.0,0.37,0.0,1.25,1.78,0.55,0.63,1.08,1.58,0.19,0.88,0.24,0.0,0.0,0.0,2.01,1
0.25,0.0,0.48,0.0,1.36,2.07,0.62,0.71,1.03,1.69,0.23,0.96,0.14,0.0,0.0,0.0,1.38,1
0.25,0.0,0.47,0.0,1.4,2.16,0.59,0.73,1.04,1.76,0.25,0.94,0.13,0.0,0.0,0.0,0.86,1
0.27,0.0,0.41,0.0,1.37,2.14,0.49,0.74,1.03,1.77,0.29,0.98,0.17,0.0,0.0,0.0,0.58,1
0.25,0.0,0.36,0.0,1.31,2.09,0.44,0.69,1.0,1.71,0.27,0.98,0.14,0.0,0.0,0.0,0.36,1
0.24,0.0,0.31,0.0,1.23,2.1,0.39,0.62,0.94,1.63,0.16,1.03,0.14,0.0,0.0,0.0,0.26,1
0.2,0.0,0.26,0.0,1.19,2.05,0.37,0.61,0.93,1.59,0.13,1.01,0.05,0.01,0.0,0.0,0.14,1
0.15,0.0,0.21,0.0,1.15,1.92,0.32,0.6,0.93,1.63,0.14,1.03,0.13,0.03,0.0,0.0,0.08,1
0.12,0.0,0.17,0.0,1.15,1.79,0.34,0.65,0.99,1.66,0.16,1.02,0.14,0.05,0.0,0.0,0.02,1
0.14,0.0,0.13,0.0,1.12,1.72,0.34,0.63,1.0,1.71,0.1,1.0,0.23,0.06,0.0,0.0,0.0,1
0.16,0.0,0.13,0.0,1.1,1.75,0.34,0.64,1.02,1.72,0.07,0.97,0.24,0.05,0.0,0.0,0.01,1
0.12,0.0,0.1,0.0,1.05,1.73,0.31,0.63,1.02,1.71,0.09,0.99,0.29,0.04,0.0,0.0,0.01,1
0.08,0.0,0.11,0.0,1.04,1.75,0.31,0.66,1.02,1.69,0.15,1.02,0.27,0.02,0.0,0.0,0.01,1
0.1,0.0,0.07,0.0,1.01,1.74,0.3,0.62,1.0,1.64,0.17,1.07,0.28,0.07,0.0,0.0,0.03,1
0.15,0.0,0.08,0.0,1.01,1.75,0.32,0.59,1.0,1.64,0.15,1.02,0.22,0.1,0.0,0.0,0.07,1
0.13,0.0,0.08,0.0,1.0,1.8,0.3,0.58,0.98,1.55,0.14,0.96,0.17,0.13,0.0,0.0,0.07,1
0.09,0.0,0.1,0.0,1.01,1.86,0.31,0.58,0.96,1.51,0.1,0.99,0.17,0.11,0.0,0.0,0.04,1
0.06,0.0,0.09,0.0,1.03,1.87,0.32,0.62,0.96,1.52,0.14,1.0,0.25,0.11,0.0,0.0,0.0,1
0.11,0.0,0.05,0.0,1.04,1.92,0.34,0.59,0.98,1.58,0.2,1.09,0.3,0.09,0.0,0.0,0.0,1
0.17,0.0,0.06,0.0,1.06,1.92,0.32,0.6,1.02,1.67,0.23,1.05,0.29,0.1,0.0,0.0,0.0,1
0.22,0.0,0.09,0.0,1.09,2.07,0.28,0.61,1.05,1.64,0.16,1.06,0.28,0.09,0.0,0.0,0.03,1
0.21,0.0,0.14,0.0,1.14,2.13,0.29,0.63,1.06,1.67,0.17,1.02,0.31,0.11,0.0,0.0,0.03,1
0.23,0.0,0.14,0.0,1.17,2.17,0.29,0.64,1.06,1.59,0.26,1.0,0.27,0.08,0.0,0.0,0.03,1
0.23,0.0,0.16,0.0,1.16,2.11,0.3,0.61,1.04,1.63,0.37,1.01,0.23,0.07,0.0,0.0,0.0,1
0.24,0.0,0.17,0.0,1.14,2.01,0.3,0.6,1.03,1.64,0.36,1.02,0.23,0.04,0.0,0.0,0.02,1
0.19,0.0,0.15,0.0,1.13,1.95,0.32,0.55,1.06,1.68,0.3,1.07,0.36,0.03,0.0,0.0,0.11,1
0.24,0.0,0.2,0.0,1.21,2.0,0.4,0.58,1.09,1.69,0.22,1.02,0.41,0.01,0.0,0.0,0.37,1
0.28,0.0,0.3,0.0,1.29,1.98,0.47,0.61,1.18,1.68,0.19,1.01,0.45,0.0,0.0,0.0,1.1,1
0.39,0.0,0.34,0.0,1.31,1.88,0.57,0.72,1.25,1.7,0.21,0.92,0.46,0.0,0.0,0.0,1.98,1
0.39,0.0,0.31,0.0,1.24,1.55,0.53,0.72,1.33,1.68,0.25,0.88,0.55,0.0,0.0,0.0,2.66,1
0.42,0.0,0.23,0.0,1.15,1.34,0.54,0.71,1.37,1.73,0.24,0.81,0.59,0.0,0.0,0.0,2.76,1
0.34,0.0,0.26,0.0,1.2,1.37,0.51,0.72,1.41,1.74,0.16,0.79,0.59,0.0,0.0,0.0,2.54,1
0.29,0.0,0.32,0.0,1.31,1.63,0.52,0.74,1.41,1.8,0.17,0.87,0.46,0.0,0.0,0.0,2.18,1
0.22,0.0,0.36,0.0,1.44,1.96,0.54,0.71,1.38,1.75,0.17,0.95,0.36,0.0,0.0,0.0,1.72,1
0.22,0.0,0.41,0.0,1.47,2.25,0.55,0.63,1.32,1.75,0.24,0.97,0.27,0.0,0.0,0.0,1.27,1
0.17,0.0,0.33,0.0,1.42,2.37,0.52,0.63,1.28,1.77,0.26,0.98,0.29,0.01,0.0,0.0,0.82,1
0.11,0.0,0.28,0.0,1.35,2.27,0.45,0.67,1.29,1.77,0.31,0.93,0.24,0.01,0.0,0.0,0.57,1
0.03,0.0,0.21,0.0,1.28,2.17,0.38,0.67,1.3,1.72,0.27,0.98,0.26,0.01,0.0,0.0,0.44,1
0.04,0.0,0.21,0.0,1.29,2.16,0.38,0.66,1.34,1.67,0.35,0.97,0.27,0.0,0.0,0.0,0.56,1
0.15,0.08,0.24,0.0,1.31,2.31,0.43,0.66,1.38,1.72,0.36,0.97,0.37,0.0,0.0,0.0,0.87,1
0.3,0.11,0.24,0.0,1.35,2.11,0.5,0.7,1.43,1.8,0.35,0.93,0.45,0.0,0.0,0.0,1.5,1
0.35,0.11,0.16,0.0,1.3,1.73,0.48,0.7,1.53,1.9,0.23,0.89,0.55,0.0,0.0,0.0,2.22,1
0.34,0.03,0.05,0.0,1.2,1.25,0.4,0.7,1.6,1.96,0.19,0.83,0.69,0.0,0.0,0.0,2.75,1
0.31,0.0,0.01,0.0,1.18,1.16,0.37,0.71,1.63,1.95,0.23,0.78,0.76,0.0,0.0,0.0,2.85,1
0.32,0.05,0.04,0.0,1.26,1.42,0.44,0.74,1.58,1.93,0.27,0.84,0.77,0.0,0.0,0.0,2.65,1
0.31,0.05,0.12,0.0,1.38,1.78,0.54,0.77,1.54,1.9,0.31,0.9,0.72,0.0,0.0,0.0,2.27,1
0.29,0.08,0.25,0.0,1.42,2.08,0.57,0.74,1.49,1.89,0.34,0.95,0.79,0.0,0.0,0.0,1.68,1
0.22,0.03,0.24,0.0,1.42,2.21,0.52,0.71,1.49,1.83,0.32,0.93,0.84,0.0,0.0,0.0,1.06,1
0.18,0.04,0.25,0.0,1.37,2.26,0.44,0.68,1.47,1.76,0.24,0.9,0.83,0.0,0.0,0.0,0.56,1
0.09,0.01,0.14,0.0,1.33,2.2,0.37,0.69,1.48,1.73,0.21,0.86,0.72,0.0,0.0,0.0,0.33,1
0.05,0.04,0.15,0.0,1.32,2.1,0.33,0.65,1.46,1.69,0.19,0.85,0.68,0.0,0.0,0.0,0.25,1
0.0,0.04,0.12,0.0,1.33,1.96,0.31,0.65,1.45,1.73,0.2,0.91,0.61,0.0,0.0,0.0,0.18,1
0.0,0.04,0.14,0.0,1.35,2.01,0.31,0.71,1.45,1.76,0.25,0.95,0.54,0.0,0.0,0.0,0.16,1
0.0,0.01,0.19,0.0,1.34,2.07,0.33,0.74,1.44,1.8,0.22,0.97,0.5,0.0,0.0,0.0,0.13,1
0.0,0.0,0.18,0.0,1.33,2.17,0.31,0.76,1.44,1.74,0.33,1.0,0.46,0.0,0.0,0.0,0.13,1
0.0,0.0,0.21,0.0,1.35,2.23,0.29,0.75,1.44,1.74,0.32,1.05,0.51,0.0,0.0,0.0,0.07,1
0.0,0.0,0.19,0.0,1.37,2.23,0.3,0.74,1.45,1.72,0.36,1.03,0.48,0.0,0.0,0.0,0.06,1
0.0,0.0,0.22,0.0,1.39,2.3,0.29,0.74,1.43,1.77,0.33,1.01,0.54,0.0,0.0,0.0,0.03,1
0.0,0.0,0.21,0.0,1.35,2.23,0.27,0.72,1.42,1.73,0.35,0.98,0.56,0.0,0.0,0.0,0.05,1
0.0,0.0,0.18,0.0,1.34,2.15,0.19,0.72,1.41,1.78,0.37,1.01,0.6,0.0,0.0,0.0,0.02,1
0.0,0.0,0.16,0.0,1.33,2.18,0.25,0.71,1.4,1.8,0.39,0.99,0.62,0.0,0.0,0.0,0.04,1
0.0,0.0,0.16,0.0,1.33,2.26,0.29,0.72,1.41,1.77,0.47,0.94,0.53,0.0,0.0,0.0,0.16,1
0.0,0.0,0.21,0.0,1.36,2.51,0.4,0.77,1.43,1.74,0.51,0.91,0.52,0.0,0.0,0.0,0.5,1
0.03,0.0,0.18,0.0,1.38,2.38,0.45,0.83,1.48,1.73,0.52,0.96,0.52,0.0,0.0,0.0,1.23,1
0.03,0.0,0.12,0.0,1.36,1.95,0.44,0.88,1.55,1.75,0.45,0.98,0.67,0.0,0.0,0.0,2.07,1
0.04,0.0,0.08,0.0,1.28,1.54,0.39,0.88,1.6,1.7,0.35,1.0,0.7,0.0,0.0,0.0,2.7,1
0.05,0.0,0.06,0.0,1.21,1.39,0.34,0.82,1.63,1.69,0.28,1.02,0.81,0.0,0.0,0.0,2.85,1
0.07,0.0,0.13,0.0,1.27,1.66,0.44,0.79,1.58,1.76,0.23,0.98,0.76,0.0,0.0,0.0,2.61,1
0.09,0.0,0.17,0.0,1.38,1.81,0.51,0.83,1.53,1.72,0.33,0.93,0.73,0.0,0.0,0.0,2.24,1
0.1,0.0,0.26,0.0,1.5,2.08,0.6,0.87,1.47,1.69,0.34,0.83,0.62,0.0,0.0,0.0,1.72,1
0.08,0.0,0.26,0.0,1.53,2.2,0.54,0.86,1.45,1.64,0.37,0.86,0.63,0.0,0.0,0.0,1.34,1
0.05,0.0,0.27,0.0,1.48,2.33,0.48,0.82,1.44,1.7,0.34,0.96,0.62,0.0,0.0,0.0,1.07,1
0.0,0.0,0.25,0.0,1.42,2.23,0.35,0.77,1.45,1.72,0.41,1.0,0.62,0.0,0.0,0.0,0.84,1
0.0,0.0,0.26,0.0,1.38,2.12,0.29,0.78,1.45,1.78,0.43,1.05,0.57,0.0,0.0,0.0,0.62,1
0.0,0.0,0.25,0.0,1.34,1.94,0.25,0.76,1.49,1.79,0.44,0.99,0.62,0.0,0.0,0.0,0.38,1
0.0,0.0,0.22,0.0,1.33,1.83,0.22,0.76,1.49,1.77,0.4,1.07,0.65,0.0,0.0,0.0,0.33,1
0.0,0.0,0.22,0.0,1.29,1.79,0.19,0.78,1.48,1.65,0.34,1.05,0.64,0.0,0.0,0.0,0.23,1
0.0,0.0,0.18,0.0,1.26,1.74,0.14,0.81,1.45,1.62,0.38,1.04,0.58,0.0,0.0,0.0,0.18,1
0.0,0.0,0.16,0.0,1.23,1.74,0.14,0.79,1.41,1.65,0.36,1.04,0.56,0.0,0.0,0.0,0.2,1
0.0,0.0,0.14,0.0,1.23,1.74,0.12,0.78,1.38,1.7,0.42,1.02,0.53,0.0,0.0,0.0,0.27,1
0.0,0.0,0.17,0.0,1.23,1.82,0.13,0.79,1.35,1.73,0.38,1.04,0.47,0.0,0.0,0.0,0.27,1
0.0,0.0,0.18,0.0,1.23,1.84,0.13,0.8,1.36,1.66,0.36,1.01,0.42,0.0,0.0,0.0,0.26,1
0.0,0.0,0.17,0.0,1.18,1.95,0.11,0.73,1.34,1.66,0.28,1.0,0.46,0.0,0.0,0.0,0.18,1
0.0,0.0,0.15,0.0,1.15,1.99,0.09,0.67,1.32,1.61,0.28,1.01,0.55,0.0,0.0,0.0,0.17,1
0.0,0.0,0.15,0.0,1.14,2.03,0.1,0.65,1.31,1.62,0.32,1.02,0.59,0.01,0.0,0.0,0.1,1
0.0,0.0,0.16,0.0,1.18,1.98,0.11,0.61,1.29,1.61,0.37,1.05,0.68,0.01,0.0,0.0,0.08,1
0.0,0.0,0.11,0.0,1.21,1.98,0.14,0.57,1.29,1.66,0.42,1.07,0.68,0.01,0.0,0.0,0.05,1
0.0,0.0,0.09,0.0,1.22,1.98,0.17,0.6,1.29,1.67,0.4,1.06,0.63,0.0,0.0,0.0,0.02,1
0.0,0.0,0.15,0.0,1.26,2.1,0.21,0.69,1.32,1.69,0.41,1.02,0.55,0.0,0.0,0.0,0.14,1
0.01,0.0,0.28,0.0,1.35,2.15,0.3,0.8,1.33,1.63,0.4,1.01,0.53,0.0,0.0,0.0,0.43,1
0.03,0.0,0.36,0.0,1.38,2.04,0.37,0.86,1.4,1.66,0.4,0.97,0.61,0.0,0.0,0.0,1.14,1
0.04,0.0,0.29,0.0,1.29,1.72,0.34,0.9,1.47,1.68,0.41,0.92,0.7,0.0,0.0,0.0,1.96,1
0.06,0.0,0.2,0.0,1.15,1.38,0.28,0.94,1.5,1.74,0.51,0.86,0.79,0.0,0.0,0.0,2.6,1
0.08,0.0,0.13,0.0,1.12,1.25,0.25,0.92,1.5,1.76,0.51,0.86,0.84,0.0,0.0,0.0,2.71,1
0.08,0.0,0.2,0.0,1.16,1.33,0.34,0.9,1.46,1.74,0.47,0.89,0.83,0.0,0.0,0.0,2.53,1
0.08,0.0,0.27,0.0,1.25,1.51,0.38,0.83,1.44,1.79,0.33,0.92,0.79,0.0,0.0,0.0,2.25,1
0.07,0.0,0.32,0.0,1.31,1.81,0.43,0.81,1.39,1.84,0.26,1.01,0.71,0.0,0.0,0.0,1.93,1
0.09,0.0,0.29,0.0,1.35,1.98,0.38,0.78,1.33,1.86,0.24,1.08,0.69,0.0,0.0,0.0,1.59,1
0.08,0.0,0.27,0.0,1.34,2.1,0.34,0.86,1.3,1.83,0.27,1.09,0.69,0.0,0.0,0.0,1.25,1
0.05,0.0,0.22,0.0,1.33,2.1,0.3,0.88,1.28,1.77,0.22,0.95,0.77,0.0,0.0,0.0,0.97,1
0.05,0.0,0.21,0.0,1.33,2.08,0.28,0.87,1.26,1.72,0.19,0.89,0.69,0.0,0.0,0.0,0.73,1
0.06,0.0,0.15,0.0,1.29,2.04,0.25,0.81,1.23,1.69,0.19,0.9,0.67,0.0,0.0,0.0,0.63,1
0.09,0.0,0.11,0.0,1.25,2.04,0.2,0.75,1.21,1.65,0.31,0.96,0.6,0.0,0.0,0.0,0.59,1
0.1,0.0,0.05,0.0,1.22,2.01,0.15,0.79,1.19,1.73,0.39,1.0,0.6,0.0,0.0,0.0,0.55,1
0.07,0.0,0.06,0.0,1.23,2.01,0.15,0.75,1.18,1.69,0.46,0.99,0.57,0.0,0.0,0.0,0.59,1
0.03,0.0,0.03,0.0,1.25,1.91,0.14,0.82,1.16,1.72,0.5,0.98,0.51,0.0,0.0,0.0,0.51,1
0.0,0.0,0.02,0.0,1.28,1.94,0.16,0.81,1.17,1.64,0.53,0.98,0.55,0.0,0.0,0.0,0.58,1
0.0,0.0,0.0,0.0,1.31,1.9,0.17,0.81,1.2,1.65,0.47,0.97,0.57,0.0,0.0,0.0,0.46,1
0.0,0.0,0.0,0.0,1.29,1.9,0.14,0.81,1.23,1.61,0.43,0.95,0.66,0.0,0.0,0.0,0.46,1
0.0,0.0,0.0,0.0,1.28,1.85,0.13,0.83,1.26,1.66,0.34,0.93,0.67,0.0,0.0,0.0,0.4,1
0.0,0.0,0.05,0.0,1.29,1.95,0.13,0.91,1.28,1.75,0.31,0.89,0.7,0.0,0.0,0.0,0.52,1
0.01,0.0,0.1,0.0,1.37,2.08,0.25,0.96,1.28,1.84,0.29,0.95,0.73,0.0,0.0,0.0,0.76,1
0.01,0.0,0.16,0.0,1.35,2.0,0.37,0.96,1.32,1.9,0.33,0.92,0.83,0.0,0.0,0.0,1.36,1
0.03,0.0,0.16,0.0,1.25,1.59,0.38,0.98,1.36,1.99,0.3,0.92,0.9,0.0,0.0,0.0,2.15,1
0.06,0.0,0.12,0.0,1.06,0.97,0.31,0.98,1.43,2.04,0.31,0.85,0.94,0.0,0.0,0.0,2.86,1
0.1,0.0,0.07,0.0,0.96,0.71,0.22,0.97,1.46,2.12,0.21,0.86,0.88,0.0,0.0,0.0,3.12,1
0.13,0.0,0.08,0.0,0.96,0.82,0.23,0.9,1.45,2.12,0.23,0.89,0.96,0.0,0.0,0.0,3.05,1
0.14,0.0,0.14,0.0,1.05,1.08,0.26,0.84,1.42,2.11,0.16,0.91,0.94,0.0,0.0,0.0,2.79,1
0.13,0.0,0.21,0.0,1.17,1.39,0.32,0.82,1.35,2.02,0.2,0.92,0.95,0.0,0.0,0.0,2.51,1
0.14,0.0,0.25,0.0,1.27,1.64,0.35,0.83,1.31,1.95,0.2,0.88,0.88,0.0,0.0,0.0,2.14,1
0.12,0.0,0.28,0.0,1.34,1.9,0.37,0.8,1.29,1.87,0.26,0.9,0.88,0.0,0.0,0.0,1.83,1
0.11,0.0,0.22,0.0,1.36,1.98,0.33,0.78,1.28,1.89,0.37,0.86,0.86,0.0,0.0,0.0,1.5,1
0.05,0.0,0.22,0.0,1.39,1.96,0.33,0.76,1.27,1.86,0.4,0.87,0.79,0.0,0.0,0.0,1.21,1
0.02,0.0,0.16,0.0,1.35,1.82,0.26,0.73,1.25,1.8,0.4,0.86,0.79,0.0,0.0,0.0,0.99,1
0.01,0.0,0.15,0.0,1.35,1.73,0.22,0.75,1.25,1.68,0.34,0.91,0.71,0.0,0.0,0.0,0.8,1
0.03,0.0,0.07,0.0,1.28,1.68,0.15,0.75,1.24,1.67,0.35,0.95,0.6,0.0,0.0,0.0,0.8,1
0.05,0.0,0.13,0.0,1.28,1.84,0.16,0.78,1.23,1.71,0.37,0.98,0.57,0.0,0.0,0.0,0.82,1
0.03,0.0,0.1,0.0,1.27,1.88,0.16,0.79,1.2,1.76,0.4,1.01,0.61,0.0,0.0,0.0,0.91,1
0.02,0.0,0.1,0.0,1.26,1.97,0.16,0.81,1.22,1.79,0.45,0.98,0.67,0.0,0.0,0.0,0.9,1
0.01,0.0,0.01,0.0,1.24,1.93,0.17,0.84,1.22,1.77,0.44,0.99,0.6,0.0,0.0,0.0,0.93,1
0.01,0.0,0.04,0.0,1.22,1.96,0.2,0.8,1.22,1.78,0.44,0.98,0.56,0.0,0.0,0.0,0.99,1
0.01,0.0,0.08,0.0,1.23,1.96,0.22,0.76,1.19,1.76,0.31,1.0,0.57,0.0,0.0,0.0,1.03,1
0.01,0.0,0.08,0.0,1.22,1.89,0.22,0.77,1.18,1.77,0.26,0.96,0.64,0.0,0.0,0.0,1.01,1
0.03,0.0,0.07,0.0,1.24,1.83,0.22,0.76,1.17,1.75,0.14,0.93,0.63,0.0,0.0,0.0,1.0,1
0.02,0.0,0.08,0.0,1.22,1.74,0.23,0.71,1.15,1.67,0.11,0.98,0.58,0.0,0.0,0.0,1.04,1
0.03,0.0,0.08,0.0,1.24,1.72,0.24,0.69,1.14,1.64,0.07,0.98,0.49,0.0,0.0,0.0,1.11,1
0.01,0.0,0.05,0.0,1.23,1.64,0.22,0.68,1.12,1.64,0.1,0.99,0.52,0.0,0.0,0.0,1.1,1
0.01,0.0,0.01,0.0,1.24,1.54,0.21,0.72,1.15,1.71,0.13,0.9,0.55,0.0,0.0,0.0,1.08,1
0.03,0.0,0.01,0.0,1.24,1.51,0.18,0.64,1.15,1.71,0.11,0.87,0.61,0.0,0.0,0.0,1.05,1
0.03,0.0,0.05,0.0,1.21,1.59,0.15,0.67,1.18,1.71,0.06,0.85,0.6,0.0,0.0,0.0,1.1,1
0.03,0.0,0.11,0.0,1.2,1.65,0.13,0.63,1.14,1.67,0.06,0.87,0.67,0.0,0.0,0.0,1.08,1
0.0,0.0,0.14,0.0,1.21,1.73,0.18,0.66,1.12,1.68,0.04,0.91,0.7,0.0,0.0,0.0,1.02,1
0.0,0.0,0.12,0.0,1.19,1.69,0.22,0.67,1.11,1.69,0.03,0.89,0.75,0.0,0.0,0.0,0.94,1
0.0,0.0,0.12,0.0,1.2,1.75,0.22,0.71,1.15,1.76,0.06,0.92,0.71,0.0,0.0,0.0,0.92,2
0.0,0.0,0.11,0.0,1.18,1.8,0.19,0.71,1.17,1.76,0.06,0.91,0.65,0.0,0.0,0.0,0.96,2
0.0,0.0,0.15,0.0,1.2,1.98,0.16,0.71,1.19,1.79,0.08,0.94,0.56,0.0,0.0,0.0,1.0,2
0.0,0.0,0.16,0.0,1.16,2.05,0.15,0.77,1.2,1.74,0.03,0.92,0.41,0.0,0.0,0.0,0.97,2
0.0,0.0,0.2,0.0,1.16,2.03,0.12,0.83,1.24,1.71,0.08,0.94,0.37,0.0,0.0,0.0,0.93,2
0.0,0.0,0.18,0.0,1.14,1.88,0.08,0.81,1.21,1.69,0.07,0.95,0.34,0.0,0.03,0.0,0.82,2
0.0,0.0,0.15,0.0,1.16,1.91,0.06,0.78,1.19,1.71,0.06,0.97,0.42,0.0,0.03,0.0,0.77,2
0.0,0.0,0.15,0.0,1.14,1.95,0.06,0.73,1.15,1.71,0.01,0.97,0.49,0.0,0.03,0.0,0.71,2
0.0,0.0,0.21,0.0,1.14,2.0,0.1,0.74,1.15,1.67,0.0,0.98,0.52,0.0,0.0,0.0,0.75,2
0.0,0.0,0.22,0.0,1.16,1.94,0.1,0.68,1.15,1.64,0.0,0.98,0.58,0.0,0.01,0.0,0.78,2
0.02,0.0,0.26,0.0,1.17,1.92,0.13,0.7,1.13,1.65,0.0,0.97,0.6,0.0,0.02,0.0,0.8,2
0.03,0.0,0.22,0.0,1.16,1.93,0.16,0.72,1.1,1.7,0.06,0.97,0.64,0.0,0.02,0.0,0.85,2
0.03,0.0,0.23,0.0,1.18,1.96,0.2,0.74,1.09,1.7,0.08,0.99,0.6,0.0,0.01,0.0,0.99,2
0.01,0.0,0.22,0.0,1.2,2.0,0.23,0.74,1.09,1.75,0.12,0.99,0.6,0.0,0.0,0.0,1.32,2
0.03,0.0,0.23,0.0,1.25,1.96,0.28,0.71,1.1,1.72,0.06,0.9,0.69,0.0,0.02,0.0,1.6,2
0.03,0.0,0.22,0.0,1.17,1.65,0.3,0.72,1.12,1.76,0.07,0.84,0.79,0.0,0.05,0.0,2.06,2
0.07,0.0,0.12,0.0,1.06,1.16,0.26,0.74,1.17,1.81,0.08,0.81,0.87,0.0,0.07,0.0,2.41,2
0.1,0.0,0.06,0.0,0.88,0.66,0.13,0.74,1.23,1.81,0.15,0.84,0.9,0.0,0.07,0.0,2.83,2
0.14,0.0,0.04,0.0,0.8,0.33,0.09,0.72,1.25,1.85,0.18,0.79,0.94,0.0,0.09,0.0,3.02,2
0.14,0.0,0.08,0.0,0.82,0.3,0.13,0.68,1.27,1.86,0.19,0.82,0.97,0.0,0.15,0.01,3.06,2
0.08,0.0,0.11,0.0,0.94,0.45,0.21,0.69,1.25,1.93,0.19,0.78,0.97,0.0,0.18,0.01,2.89,2
0.03,0.0,0.2,0.0,1.1,0.96,0.27,0.75,1.24,1.9,0.14,0.79,0.87,0.0,0.18,0.01,2.55,2
0.01,0.0,0.31,0.0,1.23,1.45,0.3,0.81,1.2,1.83,0.08,0.79,0.75,0.0,0.09,0.0,2.17,2
0.02,0.0,0.37,0.0,1.29,1.84,0.31,0.79,1.2,1.8,0.01,0.86,0.63,0.0,0.03,0.0,1.85,2
0.03,0.0,0.41,0.0,1.28,1.97,0.28,0.75,1.19,1.78,0.0,0.94,0.62,0.0,0.02,0.0,1.63,2
0.02,0.0,0.37,0.0,1.24,1.95,0.26,0.72,1.21,1.83,0.07,0.9,0.66,0.0,0.04,0.0,1.48,2
0.01,0.0,0.38,0.0,1.22,1.88,0.23,0.72,1.19,1.8,0.07,0.93,0.7,0.0,0.04,0.0,1.4,2
0.0,0.0,0.31,0.0,1.22,1.82,0.2,0.71,1.16,1.81,0.1,0.9,0.73,0.0,0.05,0.0,1.3,2
0.0,0.0,0.3,0.0,1.22,1.89,0.17,0.7,1.16,1.75,0.12,0.97,0.71,0.0,0.03,0.0,1.19,2
0.0,0.0,0.31,0.0,1.22,1.88,0.16,0.69,1.2,1.76,0.12,0.93,0.68,0.0,0.05,0.0,1.22,2
0.03,0.0,0.34,0.0,1.24,1.99,0.14,0.7,1.24,1.83,0.15,0.93,0.67,0.0,0.02,0.0,1.17,2
0.03,0.0,0.32,0.0,1.27,1.97,0.14,0.7,1.25,1.9,0.12,0.89,0.7,0.0,0.04,0.0,1.16,2
0.03,0.0,0.32,0.0,1.29,2.03,0.13,0.71,1.27,1.93,0.16,0.89,0.74,0.0,0.02,0.0,1.02,2
0.02,0.0,0.31,0.0,1.28,1.92,0.14,0.73,1.27,1.86,0.15,0.86,0.82,0.0,0.02,0.0,0.99,2
0.02,0.0,0.32,0.0,1.29,1.87,0.12,0.76,1.3,1.88,0.09,0.85,0.83,0.0,0.01,0.0,0.98,2
0.02,0.0,0.35,0.0,1.27,1.94,0.14,0.79,1.3,1.96,0.12,0.86,0.82,0.0,0.01,0.0,0.97,2
0.0,0.0,0.31,0.0,1.28,1.98,0.11,0.78,1.34,2.01,0.1,0.85,0.77,0.0,0.0,0.0,1.02,2
0.0,0.0,0.3,0.0,1.27,2.1,0.11,0.77,1.34,1.99,0.15,0.87,0.73,0.0,0.0,0.0,0.99,2
0.0,0.0,0.22,0.0,1.25,2.01,0.1,0.71,1.34,1.92,0.09,0.87,0.72,0.0,0.0,0.0,0.96,2
0.0,0.0,0.21,0.0,1.22,2.01,0.08,0.7,1.33,1.91,0.06,0.88,0.76,0.0,0.02,0.0,0.84,2
0.0,0.0,0.18,0.0,1.22,1.96,0.06,0.68,1.34,1.89,0.01,0.91,0.8,0.0,0.02,0.0,0.91,2
0.0,0.0,0.18,0.0,1.25,2.01,0.07,0.74,1.35,1.9,0.0,0.93,0.79,0.0,0.02,0.0,0.84,2
0.0,0.0,0.18,0.0,1.24,2.0,0.08,0.74,1.35,1.86,0.0,0.92,0.75,0.0,0.01,0.0,0.78,2
0.0,0.0,0.19,0.0,1.21,1.93,0.07,0.72,1.34,1.82,0.0,0.93,0.76,0.0,0.01,0.0,0.57,2
0.0,0.0,0.2,0.0,1.16,1.83,0.03,0.7,1.33,1.79,0.01,0.9,0.83,0.0,0.05,0.0,0.48,2
0.0,0.0,0.18,0.0,1.14,1.75,0.03,0.72,1.3,1.79,0.01,0.9,0.77,0.0,0.08,0.0,0.47,2
0.0,0.0,0.15,0.0,1.14,1.73,0.03,0.78,1.32,1.85,0.03,0.92,0.71,0.0,0.1,0.0,0.42,2
0.0,0.0,0.12,0.0,1.16,1.8,0.05,0.78,1.3,1.83,0.06,0.93,0.61,0.0,0.06,0.0,0.44,2
0.0,0.0,0.07,0.0,1.14,1.78,0.04,0.75,1.29,1.83,0.07,0.96,0.64,0.0,0.02,0.0,0.39,2
0.0,0.0,0.07,0.0,1.12,1.84,0.04,0.72,1.23,1.81,0.09,0.95,0.65,0.0,0.0,0.0,0.38,2
0.0,0.0,0.05,0.0,1.07,1.83,0.02,0.7,1.21,1.8,0.05,0.94,0.62,0.0,0.0,0.0,0.33,2
0.0,0.0,0.07,0.0,1.07,1.86,0.02,0.69,1.21,1.73,0.05,0.94,0.62,0.0,0.0,0.0,0.36,2
0.0,0.0,0.09,0.0,1.08,1.83,0.04,0.68,1.23,1.68,0.04,0.89,0.66,0.0,0.0,0.0,0.39,2
0.0,0.0,0.1,0.0,1.1,1.8,0.05,0.72,1.26,1.64,0.09,0.9,0.69,0.0,0.0,0.0,0.37,2
0.0,0.0,0.13,0.0,1.11,1.84,0.08,0.71,1.24,1.63,0.1,0.88,0.67,0.0,0.0,0.0,0.35,2
0.0,0.0,0.13,0.0,1.11,1.84,0.07,0.73,1.23,1.66,0.14,0.87,0.63,0.0,0.0,0.0,0.36,2
0.0,0.0,0.16,0.0,1.09,1.82,0.09,0.68,1.2,1.68,0.13,0.86,0.61,0.0,0.0,0.0,0.39,2
0.0,0.0,0.16,0.0,1.08,1.76,0.11,0.69,1.2,1.75,0.12,0.86,0.6,0.0,0.0,0.0,0.4,2
0.0,0.0,0.18,0.0,1.08,1.71,0.12,0.63,1.18,1.77,0.05,0.89,0.58,0.0,0.0,0.0,0.42,2
0.0,0.0,0.2,0.0,1.09,1.74,0.14,0.63,1.19,1.78,0.02,0.9,0.58,0.0,0.0,0.0,0.45,2
0.01,0.0,0.23,0.0,1.08,1.78,0.15,0.65,1.19,1.74,0.0,0.89,0.56,0.0,0.0,0.0,0.43,2
0.01,0.0,0.26,0.0,1.1,1.79,0.18,0.71,1.18,1.69,0.0,0.9,0.54,0.0,0.0,0.0,0.44,2
0.01,0.0,0.27,0.0,1.1,1.77,0.2,0.75,1.19,1.67,0.0,0.87,0.57,0.0,0.0,0.0,0.43,2
0.0,0.0,0.24,0.0,1.11,1.75,0.21,0.76,1.2,1.66,0.03,0.88,0.54,0.0,0.0,0.0,0.44,2
0.0,0.0,0.24,0.0,1.12,1.76,0.2,0.72,1.21,1.66,0.03,0.87,0.49,0.0,0.0,0.0,0.47,2
0.0,0.0,0.23,0.0,1.14,1.78,0.16,0.69,1.2,1.7,0.04,0.92,0.45,0.0,0.01,0.0,0.46,2
0.0,0.0,0.28,0.0,1.15,1.79,0.14,0.65,1.21,1.72,0.01,0.94,0.49,0.0,0.01,0.0,0.45,2
0.0,0.0,0.3,0.0,1.17,1.8,0.14,0.69,1.23,1.71,0.01,0.96,0.51,0.0,0.01,0.0,0.43,2
0.0,0.0,0.32,0.0,1.18,1.86,0.15,0.71,1.25,1.69,0.09,0.94,0.47,0.0,0.0,0.0,0.47,2
0.0,0.0,0.31,0.0,1.21,1.92,0.13,0.78,1.25,1.67,0.15,0.94,0.42,0.0,0.0,0.0,0.44,2
0.0,0.0,0.28,0.0,1.2,2.06,0.1,0.8,1.24,1.69,0.19,0.94,0.42,0.0,0.0,0.0,0.48,2
0.0,0.0,0.27,0.0,1.17,2.08,0.12,0.78,1.22,1.71,0.14,0.93,0.53,0.0,0.0,0.0,0.46,2
0.0,0.0,0.26,0.0,1.15,2.14,0.14,0.74,1.24,1.72,0.17,0.87,0.63,0.0,0.0,0.0,0.53,2
0.0,0.0,0.23,0.0,1.13,2.0,0.13,0.76,1.27,1.71,0.25,0.86,0.65,0.0,0.0,0.0,0.55,2
0.0,0.0,0.18,0.0,1.12,2.03,0.12,0.78,1.29,1.71,0.29,0.89,0.55,0.0,0.0,0.0,0.54,2
0.0,0.0,0.16,0.0,1.13,2.03,0.13,0.76,1.28,1.72,0.22,0.91,0.51,0.0,0.0,0.0,0.51,2
0.0,0.0,0.18,0.0,1.16,2.17,0.16,0.76,1.26,1.72,0.13,0.97,0.52,0.0,0.0,0.0,0.45,2
0.0,0.0,0.18,0.0,1.17,2.15,0.18,0.77,1.27,1.68,0.14,0.91,0.61,0.0,0.0,0.0,0.45,2
0.0,0.0,0.18,0.0,1.17,2.14,0.19,0.84,1.26,1.66,0.17,0.93,0.57,0.0,0.0,0.0,0.47,2
0.0,0.0,0.16,0.0,1.16,2.14,0.16,0.9,1.27,1.65,0.23,0.89,0.6,0.0,0.0,0.0,0.49,2
0.0,0.0,0.21,0.0,1.17,2.22,0.14,0.88,1.27,1.66,0.15,0.88,0.59,0.0,0.01,0.0,0.53,2
0.0,0.0,0.21,0.0,1.17,2.13,0.11,0.82,1.28,1.66,0.1,0.9,0.6,0.0,0.01,0.0,0.56,2
0.0,0.0,0.25,0.0,1.19,2.02,0.1,0.75,1.29,1.69,0.07,0.9,0.6,0.0,0.01,0.0,0.57,2
0.0,0.0,0.22,0.0,1.2,1.86,0.1,0.74,1.29,1.66,0.07,0.94,0.6,0.0,0.0,0.0,0.59,2
0.0,0.0,0.19,0.0,1.23,1.94,0.08,0.81,1.31,1.67,0.1,0.96,0.61,0.0,0.0,0.0,0.57,2
0.0,0.0,0.16,0.0,1.23,1.94,0.09,0.77,1.31,1.6,0.1,0.97,0.57,0.0,0.0,0.0,0.58,2
0.0,0.0,0.19,0.0,1.21,2.11,0.09,0.76,1.3,1.61,0.1,0.92,0.53,0.0,0.0,0.0,0.54,2
0.0,0.0,0.21,0.0,1.23,2.15,0.08,0.71,1.3,1.57,0.07,0.87,0.49,0.0,0.0,0.0,0.58,2
0.0,0.0,0.21,0.0,1.27,2.25,0.1,0.79,1.32,1.62,0.01,0.87,0.49,0.0,0.0,0.0,0.71,2
0.04,0.0,0.21,0.0,1.38,2.24,0.17,0.81,1.37,1.63,0.01,0.9,0.46,0.0,0.0,0.0,1.03,2
0.07,0.0,0.28,0.0,1.44,2.26,0.32,0.89,1.42,1.75,0.0,0.87,0.51,0.0,0.0,0.0,1.46,2
0.09,0.0,0.29,0.0,1.45,2.1,0.44,0.94,1.46,1.81,0.02,0.83,0.52,0.0,0.0,0.0,1.94,2
0.09,0.0,0.27,0.0,1.43,1.98,0.47,1.0,1.45,1.87,0.06,0.85,0.61,0.0,0.0,0.0,2.13,2
0.13,0.0,0.24,0.0,1.42,1.98,0.46,0.96,1.41,1.85,0.08,0.88,0.68,0.0,0.0,0.0,2.0,2
0.13,0.0,0.29,0.0,1.45,2.16,0.47,0.88,1.37,1.81,0.07,0.99,0.72,0.0,0.0,0.0,1.44,2
0.14,0.0,0.26,0.0,1.44,2.31,0.45,0.86,1.35,1.78,0.07,1.01,0.68,0.0,0.0,0.0,0.84,2
0.11,0.0,0.24,0.0,1.36,2.27,0.38,0.85,1.33,1.75,0.08,0.97,0.65,0.0,0.0,0.0,0.36,2
0.12,0.0,0.17,0.0,1.26,2.05,0.28,0.81,1.3,1.7,0.11,0.83,0.64,0.0,0.0,0.0,0.17,2
0.1,0.0,0.18,0.0,1.21,1.72,0.18,0.78,1.29,1.7,0.09,0.78,0.61,0.0,0.0,0.0,0.1,2
0.06,0.0,0.16,0.0,1.16,1.52,0.13,0.75,1.27,1.68,0.12,0.82,0.57,0.0,0.0,0.0,0.05,2
0.04,0.0,0.13,0.0,1.12,1.38,0.07,0.78,1.24,1.65,0.15,0.88,0.52,0.01,0.0,0.0,0.0,2
0.05,0.0,0.16,0.0,1.04,1.43,0.04,0.81,1.22,1.66,0.24,0.9,0.52,0.03,0.0,0.0,0.0,2
0.14,0.0,0.2,0.0,1.0,1.45,0.04,0.87,1.21,1.67,0.21,0.93,0.41,0.04,0.0,0.0,0.0,2
0.12,0.0,0.25,0.0,0.99,1.63,0.05,0.85,1.22,1.75,0.28,0.99,0.32,0.09,0.0,0.0,0.0,2
0.1,0.0,0.21,0.0,1.0,1.64,0.07,0.84,1.19,1.75,0.21,1.04,0.31,0.1,0.0,0.0,0.0,2
0.04,0.0,0.15,0.0,1.01,1.64,0.04,0.81,1.2,1.73,0.25,1.05,0.31,0.14,0.0,0.0,0.0,2
0.1,0.0,0.15,0.0,1.0,1.55,0.03,0.79,1.19,1.68,0.15,0.99,0.33,0.12,0.0,0.0,0.0,2
0.17,0.0,0.14,0.0,1.01,1.51,0.01,0.72,1.19,1.69,0.16,0.99,0.34,0.15,0.0,0.0,0.0,2
0.19,0.0,0.2,0.0,1.02,1.54,0.06,0.7,1.16,1.7,0.13,0.99,0.36,0.14,0.0,0.0,0.0,2
0.2,0.0,0.25,0.0,1.04,1.68,0.1,0.72,1.13,1.69,0.14,1.01,0.37,0.16,0.01,0.0,0.0,2
0.21,0.0,0.3,0.0,1.04,1.8,0.1,0.78,1.12,1.7,0.12,0.99,0.33,0.18,0.01,0.0,0.0,2
0.25,0.0,0.26,0.0,1.05,1.86,0.06,0.82,1.11,1.74,0.16,0.99,0.35,0.19,0.01,0.0,0.0,2
0.26,0.0,0.29,0.0,1.04,1.76,0.06,0.84,1.09,1.8,0.26,1.01,0.27,0.21,0.0,0.0,0.0,2
0.3,0.0,0.24,0.0,1.05,1.63,0.12,0.85,1.05,1.82,0.39,1.04,0.23,0.23,0.0,0.0,0.0,2
0.36,0.0,0.24,0.0,1.04,1.53,0.17,0.82,1.05,1.86,0.42,1.02,0.15,0.27,0.0,0.0,0.0,2
0.47,0.0,0.18,0.0,1.04,1.56,0.18,0.73,1.03,1.93,0.34,0.99,0.13,0.3,0.0,0.0,0.0,2
0.43,0.0,0.21,0.0,1.02,1.71,0.15,0.69,1.02,1.9,0.28,0.96,0.07,0.32,0.0,0.02,0.0,2
0.46,0.0,0.22,0.0,1.02,1.88,0.14,0.66,1.02,1.92,0.26,0.96,0.06,0.35,0.0,0.02,0.0,2
0.43,0.0,0.28,0.0,1.06,1.92,0.17,0.69,1.05,1.92,0.29,1.04,0.06,0.39,0.0,0.06,0.0,2
0.51,0.0,0.27,0.0,1.11,1.93,0.27,0.68,1.09,2.0,0.28,1.07,0.05,0.38,0.0,0.04,0.0,2
0.44,0.0,0.27,0.0,1.12,1.91,0.34,0.71,1.06,1.98,0.31,1.13,0.01,0.38,0.0,0.04,0.0,2
0.39,0.0,0.15,0.0,1.11,1.87,0.36,0.7,1.03,2.0,0.29,1.04,0.01,0.37,0.0,0.0,0.0,2
0.37,0.0,0.13,0.0,1.09,1.89,0.32,0.65,0.97,1.99,0.26,1.09,0.0,0.37,0.0,0.0,0.0,2
0.47,0.0,0.11,0.0,1.1,1.95,0.29,0.57,0.95,2.02,0.2,1.13,0.0,0.37,0.0,0.0,0.0,2
0.5,0.02,0.15,0.0,1.11,1.95,0.3,0.54,0.93,2.01,0.22,1.26,0.0,0.37,0.0,0.0,0.01,2
0.5,0.02,0.16,0.0,1.15,2.0,0.32,0.58,0.93,2.07,0.21,1.25,0.0,0.33,0.0,0.0,0.12,2
0.5,0.03,0.26,0.0,1.24,2.21,0.44,0.61,0.95,2.1,0.27,1.2,0.0,0.27,0.0,0.0,0.62,2
0.54,0.01,0.34,0.0,1.31,2.32,0.58,0.66,0.99,2.15,0.24,1.19,0.01,0.19,0.0,0.0,1.4,2
0.56,0.03,0.37,0.0,1.36,2.21,0.71,0.65,1.05,2.1,0.19,1.17,0.07,0.11,0.0,0.0,2.11,2
0.62,0.11,0.35,0.0,1.36,2.0,0.75,0.69,1.05,2.18,0.14,1.19,0.07,0.06,0.0,0.0,2.37,2
0.62,0.11,0.33,0.0,1.44,1.94,0.7,0.71,1.05,2.12,0.16,1.17,0.06,0.1,0.0,0.0,2.17,2
0.67,0.09,0.32,0.0,1.46,2.22,0.7,0.75,1.04,2.12,0.2,1.19,0.0,0.19,0.0,0.0,1.65,2
0.63,0.01,0.25,0.0,1.44,2.4,0.68,0.7,1.03,2.06,0.18,1.23,0.0,0.28,0.0,0.0,1.06,2
0.6,0.06,0.19,0.0,1.4,2.57,0.66,0.64,1.01,2.08,0.16,1.24,0.04,0.31,0.0,0.0,0.74,2
0.54,0.11,0.14,0.0,1.33,2.5,0.58,0.6,1.01,2.04,0.17,1.24,0.07,0.34,0.0,0.0,0.57,2
0.49,0.12,0.14,0.0,1.28,2.31,0.51,0.56,0.99,1.99,0.19,1.26,0.09,0.35,0.0,0.0,0.54,2
0.53,0.09,0.15,0.0,1.18,2.14,0.42,0.53,0.96,1.96,0.23,1.27,0.05,0.4,0.0,0.0,0.42,2
0.59,0.04,0.18,0.0,1.14,2.0,0.44,0.51,0.93,1.91,0.21,1.25,0.02,0.44,0.0,0.0,0.37,2
0.66,0.02,0.18,0.0,1.1,2.05,0.46,0.52,0.9,1.89,0.13,1.16,0.0,0.44,0.0,0.0,0.34,2
0.68,0.0,0.17,0.0,1.07,2.06,0.54,0.5,0.87,1.83,0.05,1.13,0.0,0.43,0.0,0.0,0.29,2
0.72,0.02,0.17,0.0,1.06,2.11,0.51,0.46,0.86,1.84,0.01,1.13,0.0,0.41,0.0,0.02,0.28,2
0.7,0.07,0.12,0.0,1.08,2.01,0.49,0.48,0.86,1.8,0.02,1.19,0.0,0.41,0.0,0.05,0.23,2
0.73,0.19,0.12,0.03,1.08,1.98,0.49,0.45,0.82,1.78,0.04,1.23,0.0,0.42,0.0,0.05,0.25,2
0.68,0.23,0.1,0.03,1.05,1.8,0.49,0.44,0.77,1.72,0.09,1.29,0.0,0.47,0.0,0.03,0.3,2
0.77,0.33,0.11,0.03,0.99,1.67,0.52,0.35,0.73,1.71,0.12,1.37,0.0,0.52,0.0,0.04,0.31,2
0.77,0.24,0.1,0.0,0.98,1.69,0.51,0.3,0.68,1.7,0.18,1.49,0.0,0.55,0.0,0.04,0.32,2
0.81,0.29,0.09,0.06,0.96,1.84,0.53,0.27,0.63,1.76,0.2,1.52,0.0,0.56,0.0,0.07,0.31,2
0.83,0.28,0.1,0.06,0.92,1.93,0.54,0.23,0.58,1.83,0.2,1.5,0.0,0.59,0.0,0.03,0.38,2
0.83,0.33,0.08,0.1,0.89,1.95,0.59,0.24,0.57,1.91,0.15,1.45,0.0,0.66,0.0,0.03,0.4,2
0.9,0.34,0.13,0.04,0.91,2.0,0.62,0.21,0.55,1.93,0.13,1.45,0.0,0.71,0.0,0.0,0.48,2
0.86,0.28,0.14,0.04,0.92,2.06,0.66,0.22,0.54,1.86,0.12,1.45,0.0,0.72,0.0,0.02,0.46,2
0.88,0.33,0.14,0.0,0.95,2.04,0.62,0.24,0.54,1.8,0.1,1.47,0.0,0.7,0.0,0.07,0.41,2
0.84,0.32,0.12,0.0,0.95,1.96,0.61,0.29,0.53,1.79,0.05,1.53,0.0,0.72,0.0,0.07,0.24,2
0.86,0.42,0.14,0.07,0.95,1.99,0.59,0.34,0.55,1.91,0.01,1.63,0.0,0.73,0.0,0.06,0.22,2
0.9,0.39,0.17,0.12,0.91,1.99,0.6,0.32,0.54,1.94,0.08,1.67,0.0,0.72,0.0,0.0,0.15,2
0.93,0.42,0.17,0.19,0.86,2.03,0.63,0.25,0.49,1.93,0.15,1.71,0.0,0.7,0.0,0.0,0.15,2
0.97,0.39,0.13,0.2,0.83,2.13,0.64,0.17,0.45,1.85,0.2,1.7,0.0,0.72,0.0,0.0,0.13,2
0.98,0.44,0.08,0.17,0.83,2.14,0.66,0.13,0.43,1.87,0.16,1.66,0.0,0.73,0.0,0.0,0.11,2
1.01,0.45,0.07,0.1,0.87,2.2,0.69,0.12,0.47,1.84,0.13,1.69,0.0,0.73,0.0,0.0,0.12,2
1.01,0.46,0.08,0.02,0.91,2.15,0.76,0.19,0.49,1.84,0.1,1.71,0.0,0.68,0.0,0.02,0.06,2
1.02,0.54,0.14,0.0,0.93,2.22,0.79,0.19,0.51,1.8,0.12,1.73,0.0,0.68,0.0,0.02,0.23,2
0.99,0.47,0.21,0.0,1.03,2.27,0.86,0.19,0.54,1.76,0.13,1.62,0.0,0.65,0.0,0.04,0.71,2
0.98,0.43,0.3,0.0,1.09,2.27,0.86,0.23,0.62,1.72,0.23,1.61,0.0,0.6,0.0,0.02,1.54,2
0.95,0.35,0.29,0.06,1.06,1.9,0.84,0.28,0.71,1.71,0.22,1.53,0.0,0.48,0.0,0.02,2.5,2
0.93,0.38,0.2,0.07,0.95,1.43,0.73,0.32,0.79,1.85,0.21,1.49,0.0,0.37,0.0,0.0,3.03,2
0.87,0.39,0.12,0.12,0.84,1.07,0.68,0.27,0.81,1.87,0.14,1.42,0.0,0.3,0.0,0.0,3.2,2
0.78,0.22,0.16,0.1,0.83,1.01,0.61,0.28,0.83,1.77,0.15,1.38,0.0,0.27,0.0,0.0,3.09,2
0.75,0.2,0.19,0.18,0.86,1.08,0.62,0.29,0.81,1.64,0.11,1.34,0.0,0.28,0.0,0.04,2.92,2
0.77,0.15,0.21,0.14,0.9,1.06,0.59,0.26,0.81,1.6,0.07,1.24,0.0,0.27,0.0,0.06,2.75,2
0.76,0.2,0.2,0.09,0.94,1.15,0.56,0.31,0.82,1.62,0.0,1.11,0.0,0.26,0.05,0.15,2.5,2
0.73,0.19,0.23,0.0,0.9,1.17,0.46,0.34,0.88,1.62,0.0,1.12,0.04,0.22,0.12,0.22,2.27,2
0.66,0.2,0.27,0.0,0.9,1.36,0.39,0.42,0.94,1.48,0.0,1.16,0.04,0.17,0.22,0.27,2.14,2
0.64,0.24,0.27,0.0,0.89,1.43,0.32,0.42,0.94,1.42,0.1,1.25,0.04,0.09,0.39,0.26,2.09,2
0.57,0.18,0.3,0.0,0.91,1.4,0.23,0.44,0.91,1.35,0.18,1.16,0.0,0.04,0.54,0.24,2.12,2
0.57,0.16,0.33,0.0,0.91,1.29,0.21,0.48,0.9,1.49,0.18,1.16,0.02,0.0,0.72,0.26,2.0,2
0.5,0.08,0.34,0.0,0.92,1.19,0.21,0.5,0.93,1.42,0.21,1.03,0.03,0.0,0.84,0.34,1.89,2
0.43,0.07,0.31,0.0,0.98,1.31,0.28,0.52,0.98,1.31,0.18,0.9,0.03,0.0,1.01,0.43,1.87,2
0.32,0.0,0.27,0.0,1.03,1.47,0.23,0.51,1.06,1.11,0.25,0.69,0.01,0.0,1.24,0.5,1.84,2
0.21,0.0,0.22,0.0,1.1,1.57,0.18,0.57,1.15,1.04,0.22,0.6,0.0,0.0,1.44,0.55,1.81,2
0.12,0.0,0.22,0.0,1.12,1.64,0.07,0.65,1.21,1.0,0.3,0.5,0.0,0.0,1.65,0.5,1.72,2
0.02,0.0,0.21,0.0,1.12,1.56,0.03,0.77,1.25,0.93,0.34,0.36,0.0,0.0,1.87,0.52,1.58,2
0.0,0.0,0.29,0.0,1.15,1.69,0.0,0.94,1.3,0.88,0.36,0.23,0.0,0.0,2.07,0.55,1.35,2
0.0,0.0,0.32,0.0,1.16,1.73,0.0,1.05,1.33,0.79,0.39,0.15,0.0,0.0,2.17,0.6,1.22,2
0.0,0.0,0.39,0.0,1.21,1.86,0.0,1.16,1.37,0.83,0.41,0.08,0.0,0.0,2.26,0.56,1.2,2
0.0,0.0,0.38,0.0,1.21,1.83,0.0,1.22,1.38,0.9,0.41,0.02,0.0,0.0,2.37,0.58,1.26,2
0.0,0.0,0.39,0.0,1.24,1.9,0.0,1.32,1.41,0.9,0.37,0.0,0.0,0.0,2.47,0.68,1.27,2
0.0,0.0,0.37,0.0,1.25,1.91,0.0,1.32,1.4,0.84,0.39,0.0,0.0,0.0,2.44,0.85,1.24,2
0.0,0.0,0.36,0.0,1.28,1.9,0.0,1.31,1.41,0.7,0.41,0.0,0.0,0.0,2.46,0.94,1.17,2
0.0,0.0,0.33,0.0,1.26,1.8,0.0,1.24,1.4,0.71,0.43,0.0,0.0,0.0,2.54,1.04,1.08,2
0.0,0.0,0.33,0.0,1.26,1.78,0.0,1.23,1.39,0.63,0.45,0.0,0.0,0.0,2.67,1.15,1.08,2
0.0,0.0,0.31,0.0,1.25,1.81,0.0,1.18,1.32,0.59,0.41,0.0,0.0,0.0,2.73,1.21,1.13,2
0.0,0.0,0.38,0.0,1.28,1.82,0.0,1.22,1.28,0.5,0.44,0.0,0.01,0.0,2.74,1.25,1.24,2
0.0,0.0,0.39,0.0,1.27,1.79,0.0,1.2,1.27,0.46,0.41,0.0,0.01,0.0,2.73,1.23,1.28,2
0.0,0.0,0.49,0.0,1.28,1.79,0.0,1.17,1.29,0.46,0.44,0.0,0.03,0.0,2.78,1.27,1.3,2
0.0,0.0,0.53,0.0,1.28,1.76,0.0,1.11,1.3,0.53,0.37,0.0,0.02,0.0,2.79,1.25,1.18,2
0.0,0.0,0.56,0.0,1.32,1.68,0.0,1.19,1.33,0.59,0.4,0.0,0.02,0.0,2.82,1.19,1.11,2
0.0,0.0,0.54,0.0,1.36,1.61,0.0,1.28,1.35,0.58,0.39,0.0,0.0,0.0,2.74,1.13,1.05,1
0.0,0.0,0.45,0.0,1.37,1.74,0.0,1.34,1.4,0.52,0.35,0.0,0.0,0.0,2.75,1.1,1.31,1
0.0,0.0,0.48,0.0,1.37,1.76,0.0,1.32,1.43,0.52,0.19,0.0,0.01,0.0,2.78,1.16,1.62,1
0.0,0.0,0.48,0.0,1.29,1.64,0.0,1.31,1.5,0.55,0.1,0.0,0.02,0.0,2.8,1.17,2.08,1
0.03,0.0,0.48,0.0,1.14,1.05,0.0,1.31,1.55,0.57,0.13,0.0,0.07,0.0,2.86,1.19,2.46,1
0.09,0.0,0.41,0.0,0.95,0.59,0.0,1.35,1.61,0.63,0.2,0.0,0.08,0.0,2.8,1.16,2.75,1
0.14,0.0,0.36,0.0,0.86,0.23,0.0,1.4,1.63,0.66,0.24,0.0,0.08,0.0,2.81,1.13,2.89,1
0.14,0.0,0.42,0.0,0.92,0.38,0.0,1.47,1.63,0.8,0.19,0.0,0.09,0.0,2.76,1.08,2.81,1
0.08,0.0,0.39,0.0,1.07,0.6,0.0,1.51,1.63,0.89,0.14,0.0,0.14,0.0,2.71,1.1,2.64,1
0.03,0.0,0.41,0.0,1.23,0.94,0.0,1.56,1.63,0.98,0.14,0.0,0.17,0.0,2.66,1.07,2.36,1
0.0,0.0,0.46,0.0,1.36,1.18,0.0,1.56,1.63,1.01,0.12,0.0,0.14,0.0,2.61,1.08,2.04,1
0.0,0.0,0.52,0.0,1.39,1.33,0.0,1.52,1.59,1.02,0.15,0.0,0.15,0.0,2.61,0.98,1.76,1
0.0,0.0,0.55,0.0,1.35,1.39,0.0,1.39,1.55,0.95,0.19,0.0,0.12,0.0,2.72,0.84,1.61,1
0.0,0.0,0.43,0.0,1.28,1.43,0.0,1.37,1.53,0.82,0.19,0.0,0.11,0.0,2.75,0.74,1.36,1
0.0,0.0,0.39,0.0,1.28,1.49,0.0,1.37,1.54,0.73,0.16,0.0,0.03,0.0,2.75,0.7,1.15,1
0.0,0.0,0.4,0.0,1.32,1.47,0.0,1.47,1.52,0.87,0.05,0.0,0.03,0.0,2.63,0.76,1.01,1
0.0,0.0,0.46,0.0,1.32,1.26,0.0,1.43,1.5,0.95,0.12,0.0,0.0,0.0,2.57,0.61,1.08,1
0.0,0.0,0.42,0.0,1.27,1.2,0.0,1.36,1.46,0.95,0.2,0.07,0.03,0.0,2.55,0.63,0.94,1
0.0,0.0,0.38,0.0,1.24,1.25,0.0,1.38,1.43,0.91,0.21,0.07,0.03,0.0,2.5,0.58,0.73,1
0.0,0.0,0.35,0.0,1.25,1.29,0.0,1.46,1.37,0.95,0.1,0.07,0.04,0.0,2.47,0.76,0.62,1
0.0,0.0,0.42,0.0,1.28,1.16,0.0,1.54,1.33,1.03,0.02,0.0,0.04,0.0,2.44,0.69,0.76,1
0.0,0.0,0.38,0.0,1.25,1.04,0.0,1.46,1.34,0.93,0.14,0.02,0.06,0.0,2.54,0.67,0.9,1
0.0,0.0,0.36,0.0,1.22,1.04,0.0,1.39,1.42,0.93,0.2,0.06,0.04,0.0,2.57,0.6,0.77,1
0.0,0.0,0.34,0.0,1.22,1.06,0.0,1.39,1.47,0.94,0.2,0.06,0.01,0.0,2.61,0.57,0.57,1
0.0,0.0,0.32,0.0,1.24,1.09,0.0,1.37,1.48,1.05,0.06,0.04,0.0,0.0,2.51,0.67,0.51,1
0.0,0.0,0.38,0.0,1.31,1.16,0.0,1.43,1.49,1.05,0.0,0.0,0.0,0.0,2.47,0.79,0.61,1
0.0,0.0,0.31,0.0,1.32,1.29,0.0,1.42,1.55,1.03,0.0,0.0,0.0,0.0,2.35,0.86,0.69,1
0.0,0.0,0.36,0.0,1.33,1.2,0.0,1.54,1.64,1.01,0.0,0.0,0.0,0.0,2.27,0.84,0.71,1
0.0,0.0,0.28,0.0,1.35,1.22,0.0,1.52,1.64,1.04,0.02,0.0,0.0,0.0,2.16,0.68,0.72,1
0.0,0.0,0.25,0.0,1.33,1.09,0.0,1.52,1.65,1.07,0.02,0.0,0.0,0.0,2.14,0.57,0.77,1
0.0,0.0,0.17,0.0,1.3,1.19,0.0,1.52,1.64,1.11,0.02,0.0,0.0,0.0,2.08,0.5,0.84,1
0.0,0.0,0.15,0.0,1.25,1.15,0.0,1.49,1.64,1.16,0.0,0.0,0.0,0.0,2.05,0.5,0.91,1
0.0,0.0,0.18,0.0,1.24,1.17,0.0,1.49,1.63,1.2,0.0,0.0,0.0,0.0,1.96,0.5,0.96,1
0.0,0.0,0.22,0.0,1.22,1.17,0.0,1.43,1.6,1.2,0.0,0.0,0.0,0.0,1.95,0.47,0.92,1
0.0,0.0,0.24,0.0,1.17,1.15,0.0,1.38,1.61,1.16,0.0,0.04,0.0,0.0,1.9,0.48,0.95,1
0.0,0.0,0.23,0.0,1.12,1.21,0.0,1.34,1.58,1.21,0.05,0.04,0.0,0.0,1.85,0.5,0.97,0
0.0,0.0,0.23,0.0,1.05,1.15,0.0,1.22,1.51,1.2,0.09,0.04,0.0,0.0,1.72,0.52,1.01,1
0.0,0.0,0.23,0.0,0.99,1.17,0.0,1.1,1.38,1.26,0.14,0.07,0.0,0.0,1.56,0.45,0.93,0
0.0,0.0,0.27,0.0,0.94,1.21,0.0,0.95,1.26,1.3,0.1,0.21,0.0,0.0,1.47,0.45,0.83,1
0.0,0.0,0.27,0.0,0.89,1.18,0.0,0.85,1.16,1.38,0.06,0.39,0.0,0.0,1.32,0.43,0.68,0
0.0,0.0,0.25,0.0,0.87,1.26,0.0,0.73,1.09,1.43,0.02,0.57,0.02,0.0,1.14,0.53,0.54,1
0.0,0.0,0.28,0.0,0.85,1.15,0.0,0.69,1.08,1.46,0.0,0.63,0.02,0.0,0.93,0.57,0.48,0
0.0,0.0,0.23,0.0,0.85,1.14,0.0,0.64,1.04,1.53,0.0,0.7,0.02,0.0,0.76,0.6,0.43,1
0.77,1.45,0.14,0.0,1.76,0.07,0.07,0.0,0.0,0.0,5.0,4.57,0.19,0.27,2.42,0.09,0.0,0
0.7,1.46,0.26,0.0,1.73,0.05,0.0,0.0,0.0,0.0,5.0,4.31,0.03,0.37,3.15,0.46,0.0,0
0.68,1.4,0.27,0.0,1.67,0.08,0.0,0.0,0.0,0.0,5.0,3.36,0.03,0.48,3.68,0.56,0.0,0
0.58,1.2,0.22,0.0,1.64,0.08,0.0,0.0,0.0,0.0,5.0,3.08,0.22,0.8,4.41,0.8,0.0,0
0.55,1.09,0.13,0.0,1.65,0.04,0.0,0.0,0.0,0.0,5.0,2.09,0.19,0.71,4.71,0.89,0.0,0
0.64,1.1,0.19,0.0,1.6,0.01,0.0,0.0,0.0,0.0,5.0,2.16,0.66,0.75,5.0,0.89,0.0,0
0.7,1.19,0.15,0.0,1.57,0.01,0.0,0.0,0.0,0.0,5.0,1.7,0.47,0.55,5.0,1.24,0.0,0
0.76,1.32,0.15,0.0,1.56,0.0,0.0,0.0,0.0,0.0,5.0,1.93,0.77,0.59,5.0,0.9,0.0,0
0.77,1.22,0.08,0.0,1.51,0.0,0.0,0.0,0.0,0.0,5.0,1.7,1.12,0.69,5.0,0.72,0.0,0
0.83,1.19,0.11,0.0,1.51,0.0,0.0,0.0,0.1,0.0,5.0,1.84,2.73,1.03,5.0,0.12,0.0,0
0.81,1.13,0.13,0.0,1.51,0.02,0.0,0.0,0.15,0.0,5.0,1.75,4.1,1.4,5.0,0.0,0.0,0
0.78,1.14,0.14,0.0,1.51,0.02,0.0,0.0,0.3,0.0,5.0,2.05,4.94,1.74,5.0,0.0,0.0,0
0.65,1.0,0.11,0.0,1.48,0.02,0.0,0.0,0.42,0.0,5.0,2.51,5.0,2.31,5.0,0.0,0.0,0
0.51,0.66,0.08,0.0,1.49,0.0,0.0,0.0,0.49,0.0,5.0,2.86,4.95,2.18,5.0,0.0,0.0,0
0.39,0.41,0.03,0.0,1.55,0.0,0.0,0.0,0.35,0.0,5.0,2.43,3.97,2.12,5.0,0.0,0.0,0
0.33,0.15,0.02,0.06,1.57,0.04,0.0,0.0,0.13,0.0,5.0,1.33,2.3,1.21,4.72,0.0,0.0,0
0.36,0.09,0.0,0.12,1.57,0.14,0.0,0.0,0.0,0.0,5.0,0.43,0.69,0.8,4.72,0.84,0.0,0
0.43,0.0,0.0,0.14,1.58,0.14,0.0,0.0,0.09,0.0,5.0,0.32,0.34,0.71,4.72,0.93,0.0,0
0.48,0.0,0.0,0.07,1.66,0.19,0.0,0.0,0.23,0.0,5.0,1.05,0.54,1.05,4.71,0.93,0.0,0
0.59,0.07,0.0,0.01,1.73,0.31,0.0,0.0,0.4,0.0,5.0,1.75,0.54,1.32,3.99,0.09,0.0,0
0.65,0.07,0.0,0.09,1.75,0.48,0.0,0.0,0.51,0.0,5.0,2.28,0.2,0.98,3.26,0.0,0.0,0
0.93,0.1,0.0,0.14,1.72,0.75,0.0,0.0,0.77,0.0,4.91,2.49,0.0,0.74,3.04,0.0,0.0,0
1.13,0.08,0.01,0.14,1.68,1.04,0.0,0.06,1.04,0.0,4.75,2.8,0.0,0.64,3.1,0.0,0.0,0
1.26,0.08,0.08,0.16,1.77,1.4,0.0,0.39,1.45,0.0,3.78,2.92,0.0,0.72,3.57,0.08,0.0,0
1.54,0.19,0.29,0.11,1.89,1.66,0.0,0.59,1.8,0.0,3.38,2.84,0.0,0.59,3.75,0.08,0.0,0
1.78,0.26,0.65,0.11,1.98,1.61,0.0,0.53,2.12,0.0,3.41,2.55,0.53,0.49,4.22,0.08,0.0,0
1.96,0.47,0.99,0.02,2.0,1.71,0.0,0.19,2.35,0.0,3.67,1.93,0.76,0.2,4.23,0.01,0.01,0
1.75,0.51,1.13,0.04,1.95,1.72,0.08,0.06,2.57,0.0,3.24,1.43,1.0,0.12,4.29,0.01,0.03,0
1.54,0.44,1.14,0.08,1.92,1.89,0.12,0.12,2.8,0.0,2.36,1.07,0.48,0.0,4.17,0.01,0.17,0
1.35,0.23,1.0,0.26,1.99,2.06,0.14,0.4,3.04,0.18,1.72,1.12,0.24,0.0,4.11,0.0,0.16,0
1.19,0.05,0.96,0.48,2.19,2.33,0.06,0.74,3.13,0.45,1.16,1.18,0.0,0.0,4.01,0.0,0.14,0
0.97,0.0,0.76,0.66,2.34,2.59,0.02,1.15,3.2,0.84,0.6,1.14,0.0,0.0,4.06,0.0,0.0,0
0.84,0.0,0.61,0.75,2.39,2.76,0.0,1.35,3.23,1.02,0.32,0.95,0.0,0.0,4.07,0.0,0.0,0
0.74,0.0,0.35,0.71,2.42,2.75,0.0,1.7,3.36,1.21,0.13,0.68,0.0,0.0,4.05,0.0,0.0,0
0.74,0.0,0.19,0.8,2.48,2.73,0.0,1.79,3.44,1.27,0.06,0.55,0.0,0.0,3.8,0.0,0.0,0
0.61,0.0,0.07,0.81,2.55,2.54,0.0,1.95,3.53,1.32,0.1,0.53,0.0,0.0,3.66,0.0,0.0,0
0.47,0.0,0.02,0.9,2.53,2.53,0.0,1.82,3.56,1.29,0.21,0.52,0.0,0.0,3.54,0.04,0.0,0
0.4,0.0,0.0,0.86,2.53,2.62,0.0,1.97,3.59,1.32,0.26,0.51,0.0,0.0,3.5,0.12,0.0,0
0.44,0.0,0.0,0.81,2.51,2.71,0.0,2.07,3.56,1.41,0.29,0.48,0.0,0.0,3.35,0.22,0.0,0
0.5,0.02,0.0,0.74,2.49,2.69,0.0,2.12,3.48,1.57,0.38,0.45,0.0,0.0,3.39,0.37,0.0,0
0.55,0.02,0.01,0.68,2.49,2.72,0.02,2.15,3.42,1.63,0.42,0.38,0.0,0.0,3.45,0.43,0.0,0
0.51,0.02,0.01,0.59,2.49,2.61,0.02,2.16,3.38,1.71,0.47,0.28,0.0,0.0,3.61,0.56,0.0,0
0.48,0.0,0.01,0.58,2.55,2.59,0.03,2.34,3.39,1.63,0.42,0.22,0.0,0.0,3.67,0.53,0.0,0
0.28,0.0,0.01,0.47,2.58,2.33,0.02,2.49,3.41,1.47,0.47,0.11,0.0,0.0,3.75,0.58,0.0,0
0.17,0.0,0.01,0.34,2.63,2.38,0.01,2.77,3.43,1.2,0.57,0.1,0.0,0.0,3.78,0.41,0.0,0
0.03,0.0,0.01,0.13,2.71,2.31,0.02,2.94,3.51,1.1,0.57,0.06,0.0,0.0,3.88,0.39,0.0,0
0.0,0.0,0.0,0.04,2.82,2.42,0.01,3.11,3.61,1.0,0.6,0.04,0.0,0.0,4.09,0.32,0.0,0
0.0,0.0,0.0,0.0,2.92,2.27,0.01,3.2,3.76,1.13,0.59,0.0,0.0,0.0,4.34,0.34,0.13,0
0.0,0.0,0.0,0.0,2.88,2.05,0.0,3.22,3.87,1.16,0.5,0.03,0.0,0.0,4.55,0.35,0.32,0
0.0,0.0,0.0,0.0,2.74,1.6,0.0,3.31,3.99,1.37,0.55,0.03,0.0,0.0,4.61,0.24,0.62,0
0.0,0.0,0.0,0.0,2.65,1.51,0.0,3.27,4.07,1.41,0.46,0.03,0.0,0.0,4.62,0.33,0.78,0
0.0,0.0,0.0,0.0,2.65,1.41,0.0,3.31,4.09,1.45,0.6,0.04,0.0,0.0,4.54,0.3,0.81,0
0.0,0.0,0.0,0.0,2.78,1.64,0.0,3.2,4.08,1.36,0.37,0.07,0.0,0.0,4.52,0.58,0.57,0
0.0,0.0,0.0,0.0,2.88,1.73,0.0,3.09,4.07,1.31,0.47,0.15,0.0,0.0,4.36,0.68,0.33,0
0.0,0.0,0.0,0.0,2.96,1.96,0.0,3.0,4.09,1.26,0.48,0.17,0.0,0.0,4.27,0.84,0.11,0
0.0,0.0,0.0,0.0,2.99,2.04,0.0,2.97,4.14,1.29,0.59,0.16,0.0,0.0,4.14,0.8,0.05,0
0.0,0.0,0.0,0.0,3.03,2.0,0.0,3.05,4.14,1.43,0.43,0.08,0.02,0.0,4.18,0.76,0.0,0
0.0,0.0,0.0,0.0,3.08,2.06,0.0,3.12,4.14,1.59,0.3,0.03,0.04,0.0,4.24,0.76,0.0,0
0.0,0.0,0.0,0.0,3.09,2.16,0.0,3.14,4.14,1.73,0.32,0.0,0.04,0.0,4.24,0.7,0.0,0
0.0,0.0,0.0,0.0,3.1,2.25,0.0,3.15,4.18,1.83,0.42,0.02,0.02,0.0,4.23,0.64,0.02,0
0.0,0.0,0.0,0.0,3.11,2.13,0.0,3.2,4.24,1.88,0.57,0.04,0.02,0.0,4.19,0.44,0.02,0
0.0,0.0,0.0,0.0,3.15,2.0,0.0,3.2,4.25,1.99,0.62,0.07,0.02,0.0,4.2,0.3,0.02,0
0.0,0.0,0.0,0.0,3.15,1.95,0.0,3.15,4.21,1.92,0.64,0.05,0.02,0.0,4.13,0.13,0.0,0
0.0,0.0,0.0,0.0,3.12,2.1,0.0,3.02,4.14,1.89,0.58,0.03,0.0,0.0,4.08,0.05,0.0,0
0.0,0.0,0.0,0.0,3.08,2.05,0.0,2.97,4.09,1.81,0.55,0.0,0.02,0.0,4.03,0.01,0.0,0
0.0,0.0,0.0,0.0,3.01,2.03,0.0,2.93,4.02,1.93,0.38,0.0,0.02,0.0,3.93,0.05,0.0,0
0.0,0.0,0.0,0.0,2.94,1.83,0.0,2.91,3.94,1.94,0.22,0.0,0.02,0.0,3.81,0.12,0.0,0
0.0,0.0,0.0,0.0,2.85,1.89,0.0,2.93,3.87,1.9,0.04,0.0,0.0,0.0,3.63,0.21,0.01,0
0.0,0.0,0.0,0.0,2.78,1.8,0.0,3.01,3.78,1.82,0.04,0.0,0.0,0.0,3.53,0.27,0.01,0
0.03,0.11,0.0,0.0,2.74,1.89,0.0,3.12,3.69,1.75,0.04,0.0,0.0,0.0,3.46,0.22,0.01,0
0.1,0.25,0.0,0.0,2.71,1.91,0.0,3.15,3.56,1.72,0.08,0.0,0.0,0.0,3.46,0.26,0.0,0
