frame, face_id, timestamp, confidence, AU01_r, AU02_r, AU04_r, AU05_r, AU06_r, AU07_r, AU09_r, AU10_r, AU12_r, AU14_r, AU15_r, AU17_r, AU20_r, AU23_r, AU25_r, AU26_r, AU45_r, AU01_c, AU02_c, AU04_c, AU05_c, AU06_c, AU07_c, AU09_c, AU10_c, AU12_c, AU14_c, AU15_c, AU17_c, AU20_c, AU23_c, AU25_c, AU26_c, AU28_c, AU45_c
8209,0,141.51,0.98,0.0,0.0,0.74,1.77,0.0,0.0,0.0,0.0,0.0,0.21,0.0,0.28,0.16,0.0,0.24,0.05,0.0,0,0,0,1,0,0,0,0,0,0,0,0,0,0,0,0,0,0
8211,0,141.55,0.98,0.0,0.0,0.73,1.76,0.0,0.0,0.0,0.0,0.0,0.27,0.0,0.31,0.15,0.0,0.2,0.1,0.0,0,0,0,1,0,0,0,0,0,0,0,0,0,0,0,0,0,0
8213,0,141.58,0.98,0.0,0.0,0.66,1.61,0.0,0.0,0.0,0.0,0.0,0.25,0.0,0.27,0.18,0.0,0.17,0.14,0.0,0,0,0,1,0,0,0,0,0,0,0,0,0,0,0,0,0,0
8215,0,141.62,0.98,0.0,0.0,0.62,1.76,0.0,0.0,0.0,0.0,0.0,0.17,0.0,0.21,0.18,0.0,0.24,0.19,0.0,0,0,0,1,0,0,0,0,0,0,0,0,0,0,0,0,0,0
8217,0,141.65,0.98,0.0,0.0,0.67,1.82,0.0,0.0,0.0,0.0,0.0,0.18,0.0,0.19,0.17,0.0,0.21,0.1,0.0,0,0,0,1,0,0,0,0,0,0,0,0,0,0,0,0,0,0
8218,0,141.67,0.98,0.0,0.0,0.65,1.76,0.0,0.0,0.0,0.0,0.0,0.22,0.0,0.19,0.14,0.0,0.21,0.09,0.0,0,0,0,1,0,0,0,0,0,0,0,0,0,0,0,0,0,0
8219,0,141.69,0.98,0.0,0.0,0.64,1.72,0.0,0.0,0.0,0.0,0.0,0.19,0.0,0.2,0.19,0.0,0.2,0.08,0.0,0,0,0,1,0,0,0,0,0,0,0,0,0,0,0,0,0,0
8220,0,141.7,0.98,0.0,0.0,0.68,1.71,0.0,0.0,0.0,0.0,0.0,0.2,0.0,0.26,0.15,0.0,0.18,0.06,0.0,0,0,0,1,0,0,0,0,0,0,0,0,0,0,0,0,0,0
8221,0,141.72,0.98,0.0,0.0,0.77,1.69,0.0,0.0,0.0,0.0,0.0,0.19,0.0,0.32,0.13,0.0,0.13,0.03,0.0,0,0,0,1,0,0,0,0,0,0,0,0,0,0,0,0,0,0
8222,0,141.74,0.98,0.0,0.0,0.83,1.64,0.0,0.0,0.0,0.0,0.0,0.21,0.0,0.31,0.05,0.0,0.13,0.03,0.0,0,0,0,1,0,0,0,0,0,0,0,0,0,0,0,0,0,0
8223,0,141.75,0.98,0.0,0.0,0.84,1.7,0.0,0.0,0.0,0.0,0.0,0.2,0.0,0.3,0.01,0.0,0.08,0.0,0.0,0,0,0,1,0,0,0,0,0,0,0,0,0,0,0,0,0,0
8224,0,141.77,0.98,0.0,0.0,0.86,1.7,0.0,0.0,0.0,0.0,0.0,0.19,0.0,0.27,0.0,0.0,0.08,0.0,0.0,0,0,0,1,0,0,0,0,0,0,0,0,0,0,0,0,0,0
8225,0,141.79,0.98,0.0,0.0,0.89,1.72,0.0,0.0,0.0,0.0,0.0,0.2,0.0,0.28,0.0,0.0,0.08,0.0,0.0,0,0,0,1,0,0,0,0,0,0,0,0,0,0,0,0,0,0
8226,0,141.81,0.98,0.0,0.0,0.91,1.72,0.0,0.0,0.0,0.0,0.0,0.19,0.0,0.29,0.0,0.0,0.1,0.0,0.0,0,0,0,1,0,0,0,0,0,0,0,0,0,0,0,0,0,0
8227,0,141.82,0.98,0.0,0.0,0.9,1.78,0.0,0.0,0.0,0.0,0.0,0.17,0.0,0.29,0.0,0.0,0.11,0.0,0.0,0,0,0,1,0,0,0,0,0,0,0,0,0,0,0,0,0,0
8228,0,141.84,0.98,0.0,0.0,0.85,1.83,0.0,0.0,0.0,0.0,0.0,0.17,0.0,0.33,0.0,0.0,0.1,0.0,0.0,0,0,0,1,0,0,0,0,0,0,0,0,0,0,0,0,0,0
8229,0,141.86,0.98,0.0,0.0,0.81,1.74,0.0,0.0,0.0,0.0,0.0,0.2,0.0,0.33,0.0,0.0,0.11,0.0,0.0,0,0,0,1,0,0,0,0,0,0,0,0,0,0,0,0,0,0
8230,0,141.87,0.98,0.0,0.0,0.81,1.62,0.0,0.0,0.0,0.0,0.0,0.23,0.0,0.32,0.0,0.0,0.16,0.06,0.0,0,0,0,1,0,0,0,0,0,0,0,0,0,0,0,0,0,0
8231,0,141.89,0.98,0.0,0.0,0.87,1.53,0.0,0.0,0.0,0.0,0.0,0.25,0.0,0.28,0.0,0.0,0.18,0.06,0.0,0,0,0,1,0,0,0,0,0,0,0,0,0,0,0,0,0,0
8232,0,141.91,0.98,0.0,0.0,0.91,1.58,0.0,0.0,0.0,0.0,0.0,0.27,0.0,0.27,0.06,0.0,0.18,0.06,0.0,0,0,0,1,0,0,0,0,0,0,0,0,0,0,0,0,0,0
8233,0,141.93,0.98,0.0,0.0,0.92,1.64,0.0,0.0,0.0,0.0,0.0,0.26,0.0,0.27,0.06,0.0,0.16,0.06,0.0,0,0,0,1,0,0,0,0,0,0,0,0,0,0,0,0,0,0
8234,0,141.94,0.98,0.0,0.0,0.88,1.71,0.0,0.0,0.0,0.0,0.0,0.22,0.0,0.29,0.06,0.0,0.18,0.07,0.0,0,0,0,1,0,0,0,0,0,0,0,0,0,0,0,0,0,0
8235,0,141.96,0.98,0.0,0.0,0.91,1.62,0.0,0.0,0.0,0.0,0.0,0.21,0.0,0.27,0.01,0.0,0.19,0.07,0.0,0,0,0,1,0,0,0,0,0,0,0,0,0,0,0,0,0,0
8236,0,141.98,0.98,0.0,0.0,0.9,1.62,0.0,0.0,0.0,0.0,0.0,0.21,0.0,0.29,0.01,0.0,0.17,0.01,0.0,0,0,0,1,0,0,0,0,0,0,0,0,0,0,0,0,0,0
8237,0,142.0,0.98,0.0,0.0,0.96,1.63,0.0,0.0,0.0,0.0,0.0,0.21,0.0,0.29,0.03,0.0,0.16,0.01,0.0,0,0,0,1,0,0,0,0,0,0,0,0,0,0,0,0,0,0
8238,0,142.01,0.98,0.0,0.0,0.9,1.71,0.0,0.0,0.0,0.0,0.0,0.19,0.0,0.29,0.03,0.0,0.15,0.01,0.0,0,0,0,1,0,0,0,0,0,0,0,0,0,0,0,0,0,0
8239,0,142.03,0.98,0.0,0.0,0.87,1.72,0.0,0.0,0.0,0.0,0.0,0.16,0.0,0.28,0.06,0.0,0.17,0.02,0.0,0,0,0,1,0,0,0,0,0,0,0,0,0,0,0,0,0,0
8240,0,142.05,0.98,0.0,0.0,0.84,1.68,0.0,0.0,0.0,0.0,0.0,0.16,0.0,0.31,0.03,0.0,0.15,0.02,0.0,0,0,0,1,0,0,0,0,0,0,0,0,0,0,0,0,0,0
8241,0,142.06,0.98,0.0,0.0,0.85,1.67,0.0,0.0,0.0,0.0,0.0,0.19,0.0,0.3,0.05,0.0,0.13,0.02,0.0,0,0,0,1,0,0,0,0,0,0,0,0,0,0,0,0,0,0
8242,0,142.08,0.98,0.0,0.0,0.86,1.69,0.0,0.0,0.0,0.0,0.0,0.19,0.0,0.35,0.04,0.0,0.1,0.0,0.0,0,0,0,1,0,0,0,0,0,0,0,0,0,0,0,0,0,0
8243,0,142.1,0.98,0.0,0.0,0.85,1.74,0.0,0.0,0.0,0.0,0.0,0.18,0.0,0.34,0.07,0.0,0.16,0.07,0.0,0,0,0,1,0,0,0,0,0,0,0,0,0,0,0,0,0,0
8244,0,142.12,0.98,0.0,0.0,0.92,1.82,0.0,0.0,0.0,0.0,0.0,0.15,0.0,0.34,0.05,0.0,0.16,0.07,0.0,0,0,0,1,0,0,0,0,0,0,0,0,0,0,0,0,0,0
8245,0,142.13,0.98,0.0,0.0,0.91,1.85,0.0,0.0,0.0,0.0,0.0,0.18,0.0,0.28,0.03,0.0,0.16,0.07,0.0,0,0,0,1,0,0,0,0,0,0,0,0,0,0,0,0,0,0
8246,0,142.15,0.98,0.0,0.0,0.92,1.83,0.0,0.0,0.0,0.0,0.0,0.27,0.0,0.32,0.0,0.0,0.13,0.07,0.0,0,0,0,1,0,0,0,0,0,0,0,0,0,0,0,0,0,0
8247,0,142.17,0.98,0.0,0.0,0.88,1.81,0.0,0.0,0.0,0.0,0.0,0.28,0.0,0.33,0.0,0.0,0.14,0.07,0.0,0,0,0,1,0,0,0,0,0,1,0,0,0,0,0,0,0,0
8248,0,142.19,0.98,0.0,0.0,0.86,1.76,0.0,0.0,0.0,0.0,0.0,0.31,0.0,0.33,0.02,0.0,0.15,0.07,0.0,0,0,0,1,0,0,0,0,0,1,0,0,0,0,0,0,0,0
8249,0,142.2,0.98,0.0,0.0,0.83,1.7,0.0,0.0,0.0,0.0,0.0,0.27,0.0,0.32,0.02,0.0,0.15,0.05,0.0,0,0,0,1,0,0,0,0,0,1,0,0,0,0,0,0,0,0
8250,0,142.22,0.98,0.0,0.0,0.77,1.63,0.0,0.0,0.0,0.0,0.0,0.28,0.0,0.3,0.06,0.0,0.14,0.05,0.0,0,0,0,1,0,0,0,0,0,1,0,0,0,0,0,0,0,0
8251,0,142.24,0.98,0.0,0.0,0.7,1.64,0.0,0.0,0.0,0.0,0.0,0.26,0.0,0.32,0.07,0.0,0.16,0.07,0.0,0,0,0,1,0,0,0,0,0,0,0,0,0,0,0,0,0,0
8252,0,142.25,0.98,0.0,0.0,0.66,1.74,0.0,0.0,0.0,0.0,0.0,0.25,0.0,0.3,0.14,0.0,0.15,0.04,0.0,0,0,0,1,0,0,0,0,0,0,0,0,0,0,0,0,0,0
8253,0,142.27,0.98,0.0,0.0,0.68,1.8,0.0,0.0,0.0,0.0,0.0,0.25,0.0,0.28,0.14,0.0,0.16,0.04,0.0,0,0,0,1,0,0,0,0,0,0,0,0,0,0,0,0,0,0
8254,0,142.29,0.98,0.0,0.0,0.74,1.79,0.0,0.0,0.0,0.0,0.0,0.23,0.0,0.28,0.12,0.0,0.13,0.01,0.0,0,0,0,1,0,0,0,0,0,0,0,0,0,0,0,0,0,0
8255,0,142.31,0.98,0.0,0.0,0.76,1.81,0.0,0.0,0.0,0.0,0.0,0.19,0.0,0.31,0.05,0.0,0.12,0.0,0.0,0,0,0,1,0,0,0,0,0,0,0,0,0,0,0,0,0,0
8256,0,142.32,0.98,0.0,0.0,0.75,1.82,0.0,0.0,0.0,0.0,0.0,0.19,0.0,0.32,0.01,0.0,0.11,0.0,0.0,0,0,0,1,0,0,0,0,0,0,0,0,0,0,0,0,0,0
8257,0,142.34,0.98,0.0,0.0,0.72,1.85,0.0,0.0,0.0,0.0,0.0,0.2,0.0,0.33,0.03,0.0,0.13,0.0,0.0,0,0,0,1,0,0,0,0,0,0,0,0,0,0,0,0,0,0
8258,0,142.36,0.98,0.0,0.0,0.7,1.85,0.0,0.0,0.0,0.0,0.0,0.25,0.0,0.3,0.03,0.0,0.14,0.0,0.0,0,0,0,1,0,0,0,0,0,0,0,0,0,0,0,0,0,0
8259,0,142.37,0.98,0.0,0.0,0.7,1.83,0.0,0.0,0.0,0.0,0.0,0.25,0.0,0.26,0.11,0.0,0.17,0.02,0.0,0,0,0,1,0,0,0,0,0,0,0,0,0,0,0,0,0,0
8260,0,142.39,0.98,0.0,0.0,0.67,1.8,0.0,0.0,0.0,0.0,0.0,0.3,0.0,0.2,0.18,0.0,0.18,0.12,0.0,0,0,0,1,0,0,0,0,0,0,0,0,0,0,0,0,0,0
8261,0,142.41,0.98,0.0,0.0,0.64,1.68,0.0,0.0,0.0,0.0,0.0,0.33,0.0,0.15,0.26,0.0,0.19,0.22,0.0,0,0,0,1,0,0,0,0,0,0,0,0,0,0,0,0,0,0
8262,0,142.43,0.98,0.0,0.0,0.58,1.6,0.0,0.0,0.0,0.0,0.0,0.36,0.0,0.17,0.23,0.0,0.18,0.28,0.0,0,0,0,1,0,0,0,0,0,0,0,0,0,0,0,0,0,0
8263,0,142.44,0.98,0.0,0.0,0.54,1.58,0.0,0.0,0.0,0.0,0.0,0.31,0.0,0.14,0.16,0.0,0.16,0.24,0.0,0,0,0,1,0,0,0,0,0,1,0,0,0,0,0,0,0,0
8264,0,142.46,0.98,0.0,0.0,0.51,1.6,0.0,0.0,0.0,0.0,0.0,0.28,0.0,0.13,0.12,0.0,0.15,0.28,0.0,0,0,0,1,0,0,0,0,0,1,0,0,0,0,0,0,0,0
8265,0,142.48,0.98,0.0,0.0,0.5,1.65,0.0,0.0,0.0,0.0,0.0,0.29,0.0,0.11,0.13,0.0,0.15,0.36,0.0,0,0,0,1,0,0,0,0,0,0,0,0,0,0,0,0,0,0
8266,0,142.5,0.98,0.0,0.0,0.48,1.64,0.0,0.0,0.0,0.0,0.0,0.25,0.0,0.09,0.1,0.0,0.15,0.46,0.0,0,0,0,1,0,0,0,0,0,0,0,0,0,0,0,0,0,0
8267,0,142.51,0.98,0.0,0.0,0.46,1.66,0.0,0.0,0.0,0.0,0.0,0.2,0.0,0.05,0.06,0.0,0.11,0.54,0.0,0,0,0,1,0,0,0,0,0,0,0,0,0,0,0,0,0,0
8268,0,142.53,0.98,0.0,0.0,0.42,1.6,0.0,0.0,0.0,0.0,0.0,0.13,0.0,0.0,0.04,0.0,0.08,0.53,0.0,0,0,0,1,0,0,0,0,0,0,0,0,0,0,0,0,0,0
8269,0,142.55,0.98,0.0,0.0,0.38,1.5,0.0,0.0,0.0,0.0,0.0,0.1,0.0,0.0,0.04,0.0,0.05,0.51,0.0,0,0,0,1,0,0,0,0,0,0,0,0,0,0,0,0,0,0
8270,0,142.56,0.98,0.0,0.0,0.31,1.45,0.0,0.0,0.0,0.0,0.0,0.07,0.0,0.0,0.03,0.0,0.03,0.4,0.0,0,0,0,1,0,0,0,0,0,0,0,0,0,0,0,0,0,0
8271,0,142.58,0.98,0.0,0.0,0.29,1.42,0.0,0.0,0.0,0.0,0.0,0.04,0.0,0.01,0.0,0.0,0.0,0.33,0.0,0,0,0,1,0,0,0,0,0,0,0,0,0,0,0,0,0,0
8272,0,142.6,0.98,0.0,0.0,0.23,1.48,0.0,0.0,0.0,0.0,0.0,0.02,0.0,0.05,0.0,0.0,0.0,0.36,0.0,0,0,0,1,0,0,0,0,0,0,0,0,0,0,0,0,0,0
8273,0,142.62,0.98,0.0,0.0,0.23,1.48,0.0,0.0,0.0,0.0,0.0,0.0,0.0,0.08,0.0,0.0,0.0,0.43,0.0,0,0,0,1,0,0,0,0,0,0,0,0,0,0,0,0,0,0
8274,0,142.63,0.98,0.0,0.0,0.17,1.47,0.0,0.0,0.0,0.0,0.0,0.01,0.0,0.11,0.0,0.0,0.0,0.53,0.0,0,0,0,1,0,0,0,0,0,0,0,0,0,0,0,0,0,0
8275,0,142.65,0.98,0.0,0.0,0.12,1.44,0.0,0.0,0.0,0.0,0.0,0.01,0.0,0.08,0.0,0.0,0.0,0.54,0.0,0,0,0,1,0,0,0,0,0,0,0,0,0,0,0,0,0,0
8276,0,142.67,0.98,0.0,0.0,0.05,1.37,0.0,0.0,0.0,0.0,0.0,0.01,0.0,0.08,0.0,0.0,0.0,0.61,0.0,0,0,0,1,0,0,0,0,0,0,0,0,0,0,0,0,0,0
8277,0,142.69,0.98,0.0,0.0,0.0,1.34,0.0,0.0,0.0,0.0,0.0,0.0,0.0,0.07,0.0,0.0,0.0,0.68,0.0,0,0,0,1,0,0,0,0,0,0,0,0,0,0,0,0,0,0
8278,0,142.7,0.98,0.0,0.0,0.0,1.18,0.0,0.0,0.0,0.0,0.0,0.0,0.0,0.16,0.0,0.0,0.0,0.76,0.0,0,0,0,1,0,0,0,0,0,0,0,0,0,0,0,0,0,0
8279,0,142.72,0.98,0.0,0.0,0.0,1.18,0.0,0.0,0.0,0.0,0.0,0.0,0.0,0.22,0.0,0.0,0.0,0.75,0.0,0,0,0,1,0,0,0,0,0,0,0,0,0,0,0,0,0,0
8280,0,142.74,0.98,0.0,0.0,0.0,1.17,0.0,0.0,0.0,0.0,0.0,0.0,0.0,0.33,0.0,0.0,0.0,0.75,0.0,0,0,0,1,0,0,0,0,0,0,0,0,0,0,0,0,0,0
8281,0,142.75,0.98,0.0,0.0,0.0,1.21,0.0,0.0,0.0,0.0,0.0,0.0,0.0,0.37,0.0,0.0,0.07,0.81,0.0,0,0,0,1,0,0,0,0,0,0,0,0,0,0,0,0,0,0
8282,0,142.77,0.98,0.0,0.0,0.0,1.09,0.0,0.0,0.0,0.0,0.0,0.0,0.0,0.48,0.0,0.0,0.08,0.84,0.0,0,0,0,1,0,0,0,0,0,0,0,0,0,0,0,0,0,0
8283,0,142.79,0.98,0.0,0.0,0.0,0.97,0.0,0.0,0.0,0.0,0.0,0.0,0.0,0.49,0.0,0.0,0.15,0.86,0.0,0,0,0,1,0,0,0,0,0,0,0,0,0,0,0,0,0,0
8284,0,142.81,0.98,0.0,0.0,0.0,0.91,0.0,0.0,0.0,0.0,0.0,0.0,0.0,0.45,0.0,0.0,0.18,0.84,0.0,0,0,0,1,0,0,0,0,0,0,0,0,0,0,0,0,0,0
8285,0,142.82,0.98,0.0,0.0,0.0,0.92,0.0,0.0,0.0,0.0,0.0,0.0,0.0,0.35,0.0,0.0,0.23,0.87,0.0,0,0,0,1,0,0,0,0,0,0,0,0,0,0,0,1,0,0
8286,0,142.84,0.98,0.0,0.0,0.0,0.79,0.0,0.0,0.0,0.0,0.0,0.0,0.0,0.35,0.0,0.0,0.21,0.81,0.0,0,0,0,1,0,0,0,0,0,0,0,0,0,0,0,1,0,0
8287,0,142.86,0.98,0.0,0.0,0.0,0.72,0.0,0.0,0.0,0.0,0.0,0.0,0.0,0.44,0.0,0.0,0.23,0.77,0.0,0,0,0,1,0,0,0,0,0,0,0,0,0,0,0,1,0,0
8288,0,142.87,0.98,0.0,0.0,0.0,0.49,0.0,0.0,0.0,0.0,0.0,0.0,0.0,0.48,0.0,0.0,0.25,0.74,0.0,0,1,0,1,0,0,0,0,0,0,0,0,0,0,0,1,0,0
8289,0,142.89,0.98,0.0,0.0,0.0,0.42,0.0,0.0,0.0,0.0,0.0,0.0,0.0,0.53,0.0,0.0,0.32,0.83,0.0,0,1,0,1,0,0,0,0,0,0,0,0,0,0,0,1,0,0
8290,0,142.91,0.98,0.0,0.0,0.0,0.24,0.0,0.0,0.0,0.0,0.0,0.0,0.0,0.58,0.0,0.0,0.38,0.88,0.0,0,1,0,1,0,0,0,0,0,0,0,0,0,0,0,1,0,0
8291,0,142.93,0.98,0.0,0.0,0.0,0.2,0.0,0.0,0.0,0.0,0.0,0.0,0.0,0.63,0.0,0.0,0.43,0.9,0.0,0,1,0,1,0,0,0,0,0,0,0,0,0,0,0,1,0,0
8292,0,142.94,0.98,0.0,0.0,0.0,0.15,0.0,0.0,0.0,0.0,0.0,0.0,0.0,0.57,0.0,0.0,0.45,0.84,0.0,0,1,0,1,0,0,0,0,0,0,0,0,0,0,0,1,0,0
8293,0,142.96,0.98,0.0,0.0,0.0,0.1,0.0,0.0,0.0,0.0,0.0,0.0,0.0,0.57,0.0,0.0,0.36,0.83,0.0,0,1,0,1,0,0,0,0,0,0,0,0,0,0,0,1,0,0
8294,0,142.98,0.98,0.0,0.0,0.0,0.06,0.0,0.0,0.0,0.0,0.0,0.0,0.0,0.68,0.0,0.0,0.27,0.81,0.0,0,1,0,1,0,0,0,0,0,0,0,0,0,0,0,1,0,0
8295,0,143.0,0.98,0.0,0.0,0.0,0.0,0.0,0.0,0.01,0.0,0.0,0.0,0.0,0.73,0.0,0.0,0.2,0.8,0.0,0,1,0,1,0,0,0,0,0,0,0,0,0,0,0,1,0,0
8296,0,143.01,0.98,0.0,0.0,0.0,0.0,0.0,0.0,0.01,0.0,0.0,0.0,0.0,0.73,0.0,0.0,0.17,0.69,0.0,0,1,0,1,0,0,0,0,0,0,0,0,0,0,0,1,0,0
8297,0,143.03,0.98,0.0,0.0,0.0,0.0,0.0,0.0,0.03,0.0,0.0,0.0,0.0,0.65,0.0,0.0,0.19,0.62,0.15,0,1,0,1,0,0,0,0,0,0,0,0,0,0,0,1,0,0
8298,0,143.05,0.98,0.0,0.0,0.0,0.0,0.0,0.0,0.1,0.0,0.0,0.0,0.0,0.79,0.0,0.0,0.12,0.52,0.44,0,1,0,1,0,0,0,0,0,0,0,0,0,0,0,1,0,1
8299,0,143.06,0.98,0.0,0.0,0.0,0.0,0.0,0.0,0.21,0.0,0.0,0.0,0.0,0.95,0.0,0.0,0.1,0.54,0.83,0,1,0,1,0,0,0,0,0,0,0,0,0,0,0,1,0,1
8300,0,143.08,0.98,0.0,0.0,0.0,0.0,0.0,0.0,0.26,0.0,0.0,0.0,0.0,1.12,0.0,0.0,0.04,0.52,1.05,0,1,0,1,0,0,0,0,0,0,0,0,0,0,0,1,0,1
8301,0,143.1,0.98,0.0,0.0,0.0,0.0,0.0,0.0,0.28,0.0,0.0,0.0,0.0,1.14,0.0,0.0,0.04,0.54,1.02,1,1,0,1,0,0,0,0,0,0,0,1,0,0,0,1,0,1
8302,0,143.12,0.98,0.02,0.0,0.0,0.0,0.0,0.0,0.25,0.0,0.0,0.0,0.0,1.12,0.0,0.0,0.01,0.49,0.67,1,1,0,1,0,0,0,0,0,0,0,1,0,0,0,1,0,1
8303,0,143.13,0.98,0.08,0.0,0.0,0.0,0.0,0.0,0.25,0.0,0.0,0.0,0.0,1.15,0.0,0.0,0.04,0.48,0.31,1,1,0,1,0,0,0,0,0,0,0,1,0,0,0,1,0,0
8304,0,143.15,0.98,0.16,0.0,0.0,0.0,0.0,0.0,0.27,0.0,0.0,0.0,0.0,1.24,0.0,0.0,0.04,0.46,0.04,1,1,0,1,0,0,0,0,0,0,0,1,0,0,0,1,0,0
8305,0,143.17,0.98,0.24,0.0,0.0,0.0,0.0,0.0,0.26,0.0,0.0,0.0,0.0,1.35,0.0,0.0,0.03,0.46,0.0,1,1,0,1,0,0,0,0,0,0,0,1,0,0,0,1,0,0
8306,0,143.19,0.98,0.33,0.0,0.0,0.0,0.0,0.0,0.35,0.0,0.0,0.0,0.0,1.38,0.0,0.0,0.01,0.38,0.0,1,1,0,1,0,0,0,0,0,0,0,1,0,0,0,1,0,0
8307,0,143.2,0.98,0.42,0.0,0.0,0.0,0.0,0.0,0.39,0.0,0.0,0.0,0.0,1.4,0.0,0.0,0.01,0.36,0.0,1,1,0,1,0,0,0,0,0,0,0,1,0,0,0,1,0,0
8308,0,143.22,0.98,0.54,0.0,0.0,0.0,0.0,0.0,0.5,0.0,0.0,0.0,0.0,1.37,0.01,0.0,0.0,0.33,0.0,1,1,0,1,0,0,0,0,0,0,0,1,0,0,0,1,0,0
8309,0,143.24,0.98,0.56,0.0,0.0,0.0,0.0,0.0,0.55,0.0,0.0,0.0,0.01,1.37,0.03,0.0,0.0,0.31,0.0,1,1,0,1,0,0,0,0,0,0,0,1,0,0,0,1,0,0
8310,0,143.25,0.98,0.63,0.05,0.0,0.0,0.0,0.0,0.66,0.0,0.0,0.0,0.01,1.29,0.03,0.0,0.0,0.31,0.0,1,1,0,1,0,0,0,0,0,0,0,1,0,0,0,1,0,0
8311,0,143.27,0.98,0.63,0.05,0.0,0.0,0.0,0.0,0.73,0.0,0.0,0.0,0.01,1.3,0.02,0.0,0.0,0.25,0.0,1,1,0,1,0,0,0,0,0,0,0,1,0,0,0,1,0,0
8312,0,143.29,0.98,0.62,0.05,0.0,0.0,0.0,0.0,0.78,0.0,0.0,0.0,0.0,1.29,0.03,0.0,0.0,0.27,0.0,1,1,0,1,0,0,0,0,0,0,0,1,0,0,0,1,0,0
8313,0,143.31,0.98,0.62,0.05,0.0,0.01,0.0,0.0,0.78,0.0,0.0,0.0,0.0,1.34,0.03,0.0,0.0,0.21,0.0,1,1,0,1,0,0,0,0,0,0,0,1,0,0,0,1,0,0
8314,0,143.32,0.98,0.64,0.13,0.0,0.01,0.0,0.0,0.78,0.0,0.0,0.0,0.0,1.44,0.03,0.0,0.0,0.14,0.0,1,1,0,1,0,0,0,0,0,0,0,1,0,0,0,1,0,0
8315,0,143.34,0.98,0.7,0.2,0.0,0.04,0.0,0.0,0.83,0.0,0.0,0.0,0.0,1.57,0.0,0.0,0.0,0.09,0.0,1,1,0,1,0,0,0,0,0,0,0,1,0,0,0,1,0,0
8316,0,143.36,0.98,0.72,0.3,0.0,0.02,0.0,0.0,0.88,0.0,0.0,0.0,0.0,1.65,0.0,0.0,0.0,0.08,0.0,1,1,0,1,0,0,0,0,0,0,0,1,0,0,0,1,0,0
8317,0,143.37,0.98,0.77,0.38,0.0,0.05,0.0,0.0,0.92,0.0,0.0,0.0,0.01,1.64,0.06,0.0,0.0,0.16,0.0,1,1,0,1,0,0,0,0,0,0,0,1,0,0,0,1,0,0
8318,0,143.39,0.98,0.85,0.43,0.0,0.02,0.0,0.0,0.91,0.0,0.0,0.0,0.01,1.63,0.06,0.0,0.0,0.22,0.0,1,1,0,1,0,0,0,0,0,0,0,1,0,0,0,1,0,0
8319,0,143.41,0.98,0.92,0.47,0.0,0.08,0.0,0.0,0.9,0.0,0.0,0.0,0.01,1.61,0.07,0.0,0.0,0.3,0.0,1,1,0,1,0,0,0,0,0,0,0,1,0,0,0,1,0,0
8320,0,143.43,0.98,0.92,0.41,0.0,0.06,0.0,0.0,0.91,0.0,0.0,0.0,0.0,1.61,0.01,0.0,0.0,0.32,0.0,1,1,0,1,0,0,0,0,0,0,0,1,0,0,0,1,0,0
8321,0,143.44,0.98,0.91,0.48,0.0,0.09,0.0,0.0,0.88,0.0,0.0,0.0,0.0,1.51,0.01,0.0,0.0,0.29,0.0,1,1,0,1,0,0,0,0,0,0,0,1,0,0,0,1,0,0
8322,0,143.46,0.98,0.86,0.47,0.0,0.04,0.0,0.0,0.9,0.0,0.0,0.0,0.0,1.53,0.0,0.0,0.0,0.29,0.0,1,1,0,1,0,0,0,0,0,0,0,1,0,0,0,1,0,0
8323,0,143.48,0.98,0.86,0.46,0.0,0.09,0.0,0.0,0.9,0.0,0.0,0.0,0.0,1.51,0.01,0.0,0.0,0.26,0.0,1,1,0,1,0,0,0,0,0,0,0,1,0,0,0,1,0,0
8324,0,143.5,0.98,0.88,0.51,0.0,0.11,0.0,0.0,0.98,0.0,0.0,0.0,0.0,1.6,0.01,0.01,0.0,0.32,0.0,1,1,0,1,0,0,0,0,0,0,0,1,0,0,0,1,0,0
8325,0,143.51,0.98,0.88,0.49,0.0,0.15,0.0,0.0,0.95,0.0,0.0,0.0,0.01,1.64,0.02,0.03,0.0,0.31,0.0,1,1,0,1,0,0,0,0,0,0,0,1,0,0,0,1,0,0
8326,0,143.53,0.98,0.9,0.62,0.0,0.19,0.0,0.0,0.97,0.0,0.0,0.0,0.01,1.7,0.01,0.04,0.0,0.38,0.0,1,1,0,1,0,0,0,0,0,0,0,1,0,0,0,1,0,0
8327,0,143.55,0.98,0.86,0.56,0.0,0.23,0.0,0.0,0.96,0.0,0.0,0.0,0.01,1.69,0.01,0.03,0.0,0.36,0.0,1,1,0,1,0,0,0,0,0,0,0,1,0,0,0,1,0,0
8328,0,143.56,0.98,0.84,0.59,0.0,0.25,0.0,0.0,0.96,0.0,0.0,0.0,0.0,1.66,0.0,0.01,0.0,0.35,0.02,1,1,0,1,0,0,0,0,0,0,0,1,0,0,0,1,0,0
8329,0,143.58,0.98,0.81,0.56,0.0,0.17,0.0,0.0,0.95,0.0,0.0,0.0,0.0,1.57,0.0,0.0,0.0,0.29,0.02,1,1,0,1,0,0,0,0,0,0,0,1,0,0,0,1,0,0
8330,0,143.6,0.98,0.81,0.58,0.0,0.11,0.0,0.0,0.93,0.0,0.0,0.0,0.0,1.59,0.0,0.01,0.0,0.22,0.02,1,1,0,1,0,0,0,0,0,0,0,1,0,0,0,1,0,0
8331,0,143.62,0.98,0.82,0.58,0.0,0.15,0.0,0.0,0.93,0.0,0.0,0.0,0.0,1.58,0.0,0.01,0.0,0.23,0.0,1,1,0,1,0,0,0,0,0,0,0,1,0,0,0,1,0,0
8332,0,143.63,0.98,0.83,0.47,0.0,0.18,0.0,0.0,0.95,0.0,0.0,0.0,0.0,1.61,0.0,0.01,0.0,0.22,0.0,1,1,0,1,0,0,0,0,0,0,0,1,0,0,0,1,0,0
8333,0,143.65,0.98,0.83,0.44,0.0,0.16,0.0,0.0,0.94,0.0,0.0,0.0,0.0,1.59,0.0,0.0,0.0,0.23,0.0,1,1,0,1,0,0,0,0,0,0,0,1,0,0,0,1,0,0
8334,0,143.67,0.98,0.83,0.45,0.0,0.12,0.0,0.0,0.98,0.0,0.0,0.0,0.0,1.55,0.0,0.0,0.0,0.18,0.0,1,1,0,1,0,0,0,0,0,0,0,1,0,0,0,1,0,0
8335,0,143.69,0.98,0.8,0.55,0.0,0.09,0.0,0.0,0.94,0.0,0.0,0.0,0.0,1.55,0.0,0.0,0.0,0.18,0.0,1,1,0,1,0,0,0,0,0,0,0,1,0,0,0,1,0,0
8336,0,143.7,0.98,0.76,0.55,0.0,0.14,0.0,0.0,0.97,0.0,0.0,0.0,0.0,1.55,0.0,0.0,0.0,0.11,0.0,1,1,0,1,0,0,0,0,0,0,0,1,0,0,0,1,0,0
8337,0,143.72,0.98,0.71,0.48,0.0,0.13,0.0,0.0,0.93,0.0,0.0,0.0,0.0,1.6,0.0,0.0,0.0,0.12,0.0,1,1,0,1,0,0,0,0,0,0,0,1,0,0,0,1,0,0
8338,0,143.74,0.98,0.7,0.44,0.0,0.22,0.0,0.0,0.92,0.0,0.0,0.0,0.0,1.64,0.02,0.02,0.0,0.2,0.0,1,1,0,1,0,0,0,0,0,0,0,1,0,0,0,1,0,0
8339,0,143.75,0.98,0.64,0.38,0.0,0.2,0.0,0.0,0.93,0.0,0.0,0.0,0.0,1.73,0.02,0.05,0.0,0.28,0.0,1,1,0,1,0,0,0,0,0,0,0,1,0,0,0,1,0,0
8340,0,143.77,0.98,0.69,0.39,0.0,0.27,0.0,0.0,0.95,0.0,0.0,0.0,0.0,1.73,0.02,0.05,0.0,0.25,0.0,1,1,0,1,0,0,0,0,0,0,0,1,0,0,0,1,0,0
8341,0,143.79,0.98,0.69,0.3,0.0,0.22,0.0,0.0,0.94,0.0,0.0,0.0,0.0,1.72,0.0,0.04,0.0,0.23,0.0,1,1,0,1,0,0,0,0,0,0,0,1,0,0,0,1,0,0
8342,0,143.81,0.98,0.73,0.26,0.0,0.26,0.0,0.0,0.9,0.0,0.0,0.0,0.0,1.66,0.0,0.0,0.0,0.24,0.0,1,1,0,1,0,0,0,0,0,0,0,1,0,0,0,1,0,0
8343,0,143.82,0.98,0.67,0.16,0.0,0.2,0.0,0.0,0.84,0.0,0.0,0.0,0.0,1.64,0.0,0.0,0.0,0.22,0.0,1,1,0,1,0,0,0,0,0,0,0,1,0,0,0,1,0,0
8344,0,143.84,0.98,0.64,0.23,0.0,0.14,0.0,0.0,0.85,0.0,0.0,0.0,0.0,1.64,0.0,0.01,0.0,0.23,0.0,1,1,0,1,0,0,0,0,0,0,0,1,0,0,0,1,0,0
8345,0,143.86,0.98,0.65,0.32,0.0,0.09,0.0,0.0,0.83,0.0,0.0,0.0,0.0,1.65,0.0,0.02,0.0,0.24,0.0,1,1,0,1,0,0,0,0,0,0,0,1,0,0,0,1,0,0
8346,0,143.87,0.98,0.64,0.31,0.0,0.07,0.0,0.0,0.85,0.0,0.0,0.0,0.0,1.64,0.0,0.03,0.0,0.33,0.0,1,1,0,1,0,0,0,0,0,0,0,1,0,0,0,1,0,0
8347,0,143.89,0.98,0.62,0.27,0.0,0.08,0.0,0.0,0.79,0.0,0.0,0.0,0.0,1.63,0.0,0.03,0.0,0.34,0.0,1,1,0,1,0,0,0,0,0,0,0,1,0,0,0,1,0,0
8348,0,143.91,0.98,0.56,0.19,0.0,0.12,0.0,0.0,0.76,0.0,0.0,0.0,0.0,1.58,0.0,0.02,0.0,0.35,0.0,1,1,0,1,0,0,0,0,0,0,0,1,0,0,0,1,0,0
8349,0,143.93,0.98,0.59,0.31,0.0,0.12,0.0,0.0,0.73,0.0,0.0,0.0,0.0,1.61,0.0,0.0,0.0,0.35,0.0,1,1,0,1,0,0,0,0,0,0,0,1,0,0,0,1,0,0
8350,0,143.94,0.98,0.61,0.39,0.0,0.11,0.0,0.0,0.75,0.0,0.0,0.0,0.0,1.58,0.0,0.0,0.0,0.34,0.0,1,1,0,1,0,0,0,0,0,0,0,1,0,0,0,1,0,0
8351,0,143.96,0.98,0.68,0.44,0.0,0.06,0.0,0.0,0.73,0.0,0.0,0.0,0.0,1.65,0.0,0.0,0.0,0.33,0.0,1,1,0,1,0,0,0,0,0,0,0,1,0,0,0,1,0,0
8352,0,143.98,0.98,0.68,0.34,0.0,0.04,0.0,0.0,0.69,0.0,0.0,0.0,0.0,1.63,0.0,0.0,0.0,0.32,0.0,1,1,0,1,0,0,0,0,0,0,0,1,0,0,0,1,0,0
8353,0,144.0,0.98,0.65,0.17,0.0,0.04,0.0,0.0,0.66,0.0,0.0,0.0,0.0,1.65,0.0,0.0,0.01,0.26,0.0,1,1,0,1,0,0,0,0,0,0,0,1,0,0,0,1,0,0
8354,0,144.01,0.98,0.56,0.05,0.0,0.04,0.0,0.0,0.63,0.0,0.0,0.0,0.0,1.58,0.0,0.0,0.01,0.29,0.0,1,1,0,1,0,0,0,0,0,0,0,1,0,0,0,1,0,0
8355,0,144.03,0.98,0.46,0.0,0.0,0.0,0.0,0.0,0.65,0.0,0.0,0.0,0.0,1.48,0.0,0.0,0.01,0.33,0.0,1,1,0,1,0,0,0,0,0,0,0,1,0,0,0,1,0,0
8356,0,144.05,0.98,0.36,0.0,0.0,0.0,0.0,0.0,0.67,0.0,0.0,0.0,0.0,1.44,0.02,0.0,0.0,0.37,0.0,1,1,0,1,0,0,0,0,0,0,0,1,0,0,0,1,0,0
8357,0,144.06,0.98,0.3,0.0,0.0,0.0,0.0,0.0,0.68,0.0,0.0,0.0,0.0,1.48,0.02,0.0,0.0,0.45,0.0,1,1,0,1,0,0,0,0,0,0,0,1,0,0,0,1,0,0
8358,0,144.08,0.98,0.25,0.0,0.0,0.0,0.0,0.0,0.64,0.0,0.0,0.0,0.0,1.53,0.02,0.0,0.0,0.44,0.0,1,1,0,1,0,0,0,0,0,0,0,1,0,0,0,1,0,0
8359,0,144.1,0.98,0.23,0.0,0.0,0.0,0.0,0.0,0.63,0.0,0.0,0.0,0.0,1.49,0.0,0.0,0.01,0.44,0.0,1,1,0,1,0,0,0,0,0,0,0,1,0,0,0,1,0,0
8360,0,144.12,0.98,0.14,0.0,0.0,0.0,0.0,0.0,0.64,0.0,0.0,0.0,0.02,1.42,0.0,0.0,0.01,0.25,0.0,1,1,0,1,0,0,0,0,0,0,0,1,0,0,0,0,0,0
8361,0,144.13,0.98,0.1,0.0,0.0,0.0,0.0,0.0,0.68,0.0,0.0,0.0,0.04,1.41,0.0,0.0,0.01,0.2,0.0,1,1,0,1,0,0,0,0,0,0,0,1,0,0,0,0,0,0
8362,0,144.15,0.98,0.04,0.0,0.0,0.0,0.0,0.0,0.68,0.0,0.0,0.0,0.06,1.46,0.0,0.0,0.01,0.16,0.0,0,1,0,1,0,0,0,0,0,0,0,1,0,0,0,0,0,0
8363,0,144.17,0.98,0.04,0.0,0.0,0.0,0.0,0.0,0.66,0.0,0.0,0.0,0.04,1.51,0.0,0.0,0.01,0.25,0.04,0,1,0,1,0,0,0,0,0,0,0,1,0,0,0,0,0,0
8365,0,144.2,0.98,0.0,0.0,0.0,0.0,0.0,0.0,0.63,0.0,0.0,0.0,0.04,1.48,0.06,0.0,0.14,0.28,0.04,0,1,0,1,0,0,0,0,0,0,0,1,0,0,0,0,0,0
8367,0,144.24,0.98,0.0,0.0,0.0,0.0,0.0,0.0,0.64,0.0,0.0,0.0,0.03,1.35,0.09,0.0,0.27,0.19,0.01,0,1,0,1,0,0,0,0,0,0,0,1,0,0,0,0,0,0
8369,0,144.27,0.98,0.0,0.0,0.0,0.0,0.0,0.0,0.73,0.0,0.0,0.0,0.0,1.41,0.01,0.0,0.15,0.19,0.06,0,1,0,1,0,0,0,0,0,0,0,1,0,0,0,0,0,0
8371,0,144.31,0.98,0.0,0.0,0.0,0.0,0.0,0.0,0.69,0.0,0.0,0.0,0.02,1.41,0.0,0.0,0.14,0.15,0.02,0,1,0,1,0,0,0,0,0,0,0,1,0,0,0,0,0,0
10746,0,185.25,0.98,0.0,0.0,0.0,0.0,0.0,0.0,0.29,0.0,0.0,0.14,0.01,0.62,0.0,0.0,0.08,0.0,2.16,0,0,0,0,0,0,1,0,0,0,0,0,0,0,0,0,0,1
10748,0,185.29,0.98,0.0,0.0,0.0,0.0,0.0,0.0,0.27,0.0,0.0,0.17,0.0,0.69,0.0,0.0,0.05,0.0,2.02,0,0,0,0,0,0,1,0,0,0,0,0,0,0,0,0,0,1
10750,0,185.32,0.98,0.0,0.0,0.0,0.0,0.0,0.0,0.28,0.0,0.0,0.14,0.04,0.67,0.0,0.0,0.01,0.0,2.15,0,0,0,0,0,0,1,0,0,0,0,0,0,0,0,0,0,1
10752,0,185.36,0.98,0.0,0.0,0.0,0.0,0.0,0.0,0.24,0.0,0.0,0.12,0.07,0.56,0.0,0.0,0.0,0.0,2.4,0,0,0,0,0,0,1,0,0,0,0,0,0,0,0,0,0,1
10754,0,185.39,0.98,0.0,0.0,0.0,0.0,0.0,0.0,0.25,0.0,0.0,0.15,0.0,0.53,0.0,0.0,0.0,0.0,2.33,0,0,0,0,0,0,1,0,0,0,0,0,0,0,0,0,0,1
10755,0,185.41,0.98,0.0,0.0,0.0,0.0,0.0,0.0,0.28,0.0,0.0,0.18,0.0,0.57,0.0,0.0,0.0,0.0,2.3,0,0,0,0,0,0,1,0,0,0,0,0,0,0,0,0,0,1
10756,0,185.43,0.98,0.0,0.0,0.0,0.0,0.0,0.0,0.26,0.0,0.0,0.23,0.0,0.63,0.0,0.0,0.0,0.0,2.33,0,0,0,0,0,0,1,0,0,0,0,0,0,0,0,0,0,1
10757,0,185.44,0.98,0.0,0.0,0.0,0.0,0.0,0.0,0.27,0.0,0.0,0.24,0.0,0.63,0.0,0.0,0.0,0.0,2.36,0,0,0,0,0,0,1,0,0,0,0,0,0,0,0,0,0,1
10758,0,185.46,0.98,0.0,0.0,0.0,0.0,0.0,0.0,0.27,0.0,0.0,0.25,0.0,0.63,0.0,0.0,0.0,0.0,2.39,0,0,0,0,0,0,1,0,0,0,0,0,0,0,0,0,0,1
10759,0,185.48,0.98,0.0,0.0,0.0,0.0,0.0,0.0,0.28,0.0,0.0,0.25,0.0,0.61,0.0,0.0,0.0,0.0,2.33,0,0,0,0,0,0,1,0,0,0,0,0,0,0,0,0,0,1
10760,0,185.49,0.98,0.0,0.0,0.0,0.0,0.0,0.0,0.27,0.0,0.0,0.26,0.0,0.62,0.0,0.0,0.0,0.0,2.33,0,0,0,0,0,0,1,0,0,0,0,0,0,0,0,0,0,1
10761,0,185.51,0.98,0.0,0.0,0.0,0.0,0.0,0.0,0.29,0.0,0.0,0.25,0.0,0.62,0.0,0.0,0.0,0.0,2.35,0,0,0,0,0,0,1,0,0,0,0,0,0,0,0,0,0,1
10762,0,185.53,0.98,0.0,0.0,0.0,0.0,0.0,0.0,0.31,0.0,0.0,0.28,0.0,0.61,0.0,0.0,0.0,0.0,2.35,0,0,0,0,0,0,1,0,0,0,0,0,0,0,0,0,0,1
10763,0,185.54,0.98,0.0,0.0,0.0,0.0,0.0,0.0,0.31,0.0,0.0,0.29,0.0,0.54,0.0,0.0,0.0,0.0,2.35,0,0,0,0,0,0,1,0,0,0,0,0,0,0,0,0,0,1
10764,0,185.56,0.98,0.0,0.0,0.0,0.0,0.0,0.0,0.24,0.0,0.0,0.35,0.0,0.49,0.0,0.0,0.0,0.0,2.42,0,0,0,0,0,0,1,0,0,0,0,0,0,0,0,0,0,1
10765,0,185.58,0.98,0.0,0.0,0.0,0.0,0.0,0.0,0.18,0.0,0.0,0.36,0.0,0.43,0.0,0.0,0.0,0.0,2.56,0,0,0,0,0,0,1,0,0,0,0,0,0,0,0,0,0,1
10766,0,185.6,0.98,0.0,0.0,0.0,0.0,0.0,0.0,0.13,0.0,0.0,0.35,0.0,0.44,0.0,0.0,0.0,0.0,2.61,0,0,0,0,0,0,1,0,0,0,0,0,0,0,0,0,0,1
10767,0,185.61,0.98,0.0,0.0,0.0,0.0,0.0,0.0,0.18,0.0,0.0,0.32,0.04,0.44,0.0,0.0,0.05,0.0,2.62,0,0,0,0,0,0,1,0,0,0,0,0,0,0,0,0,0,1
10768,0,185.63,0.98,0.0,0.0,0.0,0.0,0.0,0.0,0.17,0.0,0.0,0.29,0.05,0.49,0.0,0.0,0.06,0.0,2.6,0,0,0,0,0,0,1,0,0,0,0,0,0,0,0,0,0,1
10769,0,185.65,0.98,0.0,0.0,0.0,0.0,0.0,0.0,0.21,0.0,0.0,0.24,0.05,0.52,0.0,0.0,0.07,0.0,2.59,0,0,0,0,0,0,1,0,0,0,0,0,0,0,0,0,0,1
10770,0,185.67,0.98,0.0,0.0,0.0,0.0,0.0,0.0,0.18,0.0,0.0,0.17,0.0,0.53,0.0,0.0,0.05,0.0,2.56,0,0,0,0,0,0,1,0,0,0,0,0,0,0,0,0,0,1
10771,0,185.68,0.98,0.0,0.0,0.0,0.0,0.0,0.0,0.21,0.0,0.0,0.13,0.0,0.49,0.0,0.0,0.04,0.0,2.48,0,0,0,0,0,0,1,0,0,0,0,0,0,0,0,0,0,1
10772,0,185.7,0.98,0.0,0.0,0.0,0.0,0.0,0.0,0.2,0.0,0.0,0.14,0.0,0.48,0.0,0.0,0.03,0.0,2.52,0,0,0,0,0,0,1,0,0,0,0,0,0,0,0,0,0,1
10773,0,185.72,0.98,0.0,0.0,0.0,0.0,0.0,0.0,0.24,0.0,0.0,0.16,0.0,0.47,0.0,0.0,0.01,0.0,2.54,0,0,0,0,0,0,1,0,0,0,0,0,0,0,0,0,0,1
10774,0,185.74,0.98,0.0,0.0,0.0,0.0,0.0,0.0,0.25,0.0,0.0,0.18,0.0,0.45,0.0,0.0,0.03,0.0,2.56,0,0,0,0,0,0,1,0,0,0,0,0,0,0,0,0,0,1
10775,0,185.75,0.98,0.0,0.0,0.0,0.0,0.0,0.0,0.24,0.0,0.0,0.19,0.0,0.4,0.0,0.0,0.1,0.0,2.48,0,0,0,0,0,0,1,0,0,0,0,0,0,0,0,0,0,1
10776,0,185.77,0.98,0.0,0.0,0.0,0.0,0.0,0.0,0.21,0.0,0.0,0.16,0.0,0.35,0.0,0.0,0.12,0.0,2.4,0,0,0,0,0,0,1,0,0,0,0,0,0,0,0,0,0,1
10777,0,185.79,0.98,0.0,0.0,0.0,0.0,0.0,0.0,0.18,0.0,0.0,0.13,0.0,0.38,0.0,0.0,0.12,0.0,2.47,0,0,0,0,0,0,1,0,0,1,0,0,0,0,0,0,0,1
10778,0,185.8,0.98,0.0,0.0,0.0,0.0,0.0,0.0,0.17,0.0,0.0,0.11,0.0,0.36,0.0,0.0,0.12,0.0,2.54,0,0,0,0,0,0,1,0,0,1,0,0,0,0,0,0,0,1
10779,0,185.82,0.98,0.0,0.0,0.0,0.0,0.0,0.0,0.12,0.0,0.0,0.18,0.0,0.36,0.0,0.0,0.17,0.0,2.61,0,0,0,0,0,0,1,0,0,0,0,0,0,0,0,0,0,1
10780,0,185.84,0.98,0.0,0.0,0.0,0.0,0.0,0.0,0.07,0.0,0.0,0.2,0.02,0.36,0.0,0.0,0.22,0.01,2.61,0,0,0,0,0,0,1,0,0,0,0,0,0,0,0,0,0,1
10781,0,185.86,0.98,0.0,0.0,0.0,0.0,0.0,0.0,0.06,0.0,0.0,0.14,0.02,0.43,0.0,0.0,0.19,0.01,2.59,0,0,0,0,0,0,1,0,0,1,0,0,0,0,0,0,0,1
10782,0,185.87,0.98,0.0,0.0,0.0,0.0,0.0,0.0,0.06,0.0,0.0,0.11,0.02,0.43,0.0,0.0,0.18,0.01,2.55,0,0,0,0,0,0,1,0,0,1,0,0,0,0,0,0,0,1
10783,0,185.89,0.98,0.0,0.0,0.0,0.0,0.0,0.0,0.06,0.0,0.0,0.14,0.0,0.38,0.0,0.0,0.11,0.0,2.5,0,0,0,0,0,0,1,0,0,0,0,0,0,0,0,0,0,1
10784,0,185.91,0.98,0.0,0.0,0.0,0.0,0.0,0.0,0.02,0.0,0.0,0.16,0.0,0.33,0.0,0.0,0.09,0.0,2.5,0,0,0,0,0,0,1,0,0,0,0,0,0,0,0,0,0,1
10785,0,185.93,0.98,0.0,0.0,0.0,0.0,0.0,0.0,0.01,0.0,0.0,0.12,0.01,0.33,0.0,0.0,0.07,0.0,2.5,0,0,0,0,0,0,1,0,0,0,0,0,0,0,0,0,0,1
10786,0,185.94,0.98,0.0,0.0,0.0,0.0,0.0,0.0,0.01,0.0,0.0,0.11,0.01,0.39,0.0,0.0,0.09,0.0,2.55,0,0,0,0,0,0,1,0,0,0,0,0,0,0,0,0,0,1
10787,0,185.96,0.98,0.0,0.0,0.0,0.0,0.0,0.0,0.01,0.0,0.0,0.09,0.02,0.41,0.0,0.0,0.08,0.0,2.53,0,0,0,0,0,0,1,0,0,0,0,0,0,0,0,0,0,1
10788,0,185.98,0.98,0.0,0.0,0.0,0.0,0.0,0.0,0.02,0.0,0.0,0.06,0.01,0.39,0.0,0.0,0.07,0.0,2.47,0,0,0,0,0,0,1,0,0,0,0,0,0,0,0,0,0,1
10789,0,185.99,0.98,0.0,0.0,0.0,0.0,0.0,0.0,0.02,0.0,0.0,0.04,0.01,0.35,0.0,0.0,0.1,0.0,2.36,0,0,0,0,0,0,1,0,0,0,0,0,0,0,0,0,0,1
10790,0,186.01,0.98,0.0,0.0,0.0,0.0,0.0,0.0,0.04,0.0,0.0,0.08,0.0,0.36,0.0,0.0,0.16,0.0,2.32,0,0,0,0,0,0,1,0,0,0,0,0,0,0,0,0,0,1
10791,0,186.03,0.98,0.0,0.0,0.0,0.0,0.0,0.0,0.05,0.0,0.0,0.08,0.0,0.41,0.0,0.0,0.21,0.0,2.27,0,0,0,0,0,0,1,0,0,0,0,0,0,0,0,0,0,1
10792,0,186.04,0.98,0.0,0.0,0.0,0.0,0.0,0.0,0.07,0.0,0.0,0.11,0.0,0.43,0.0,0.0,0.27,0.0,2.26,0,0,0,0,0,0,1,0,0,0,0,0,0,0,0,0,0,1
10793,0,186.06,0.98,0.0,0.0,0.0,0.0,0.0,0.0,0.07,0.0,0.0,0.09,0.0,0.37,0.0,0.0,0.27,0.0,2.24,0,0,0,0,0,0,1,0,0,0,0,0,0,0,0,0,0,1
10794,0,186.08,0.98,0.0,0.0,0.0,0.0,0.0,0.0,0.06,0.0,0.0,0.15,0.0,0.33,0.0,0.0,0.25,0.0,2.32,0,0,0,0,0,0,1,0,0,0,0,0,0,0,0,0,0,1
10795,0,186.1,0.98,0.0,0.0,0.0,0.0,0.0,0.0,0.08,0.0,0.0,0.11,0.02,0.3,0.0,0.0,0.26,0.02,2.33,0,0,0,0,0,0,1,0,0,0,0,0,0,0,0,0,0,1
10796,0,186.11,0.98,0.0,0.0,0.0,0.0,0.0,0.0,0.05,0.0,0.0,0.14,0.02,0.39,0.0,0.0,0.24,0.02,2.44,0,0,0,0,0,0,1,0,0,1,0,0,0,0,0,0,0,1
10797,0,186.13,0.98,0.0,0.0,0.0,0.0,0.0,0.0,0.05,0.0,0.0,0.11,0.02,0.39,0.0,0.0,0.28,0.02,2.38,0,0,0,0,0,0,1,0,0,0,0,0,0,0,0,0,0,1
10798,0,186.15,0.98,0.0,0.0,0.0,0.0,0.0,0.0,0.05,0.0,0.0,0.11,0.01,0.43,0.0,0.0,0.26,0.0,2.35,0,0,0,0,0,0,1,0,0,0,0,0,0,0,0,0,0,1
10799,0,186.17,0.98,0.0,0.0,0.0,0.0,0.0,0.0,0.1,0.0,0.0,0.07,0.01,0.34,0.0,0.0,0.3,0.0,2.29,0,0,0,0,0,0,1,0,0,0,0,0,0,0,0,0,0,1
10800,0,186.18,0.98,0.0,0.0,0.0,0.0,0.0,0.0,0.08,0.0,0.0,0.06,0.01,0.36,0.0,0.0,0.28,0.0,2.35,0,0,0,0,0,0,1,0,0,0,0,0,0,0,0,0,0,1
10801,0,186.2,0.98,0.0,0.0,0.0,0.0,0.0,0.0,0.1,0.0,0.0,0.04,0.0,0.37,0.0,0.0,0.23,0.0,2.43,0,0,0,0,0,0,1,0,0,0,0,0,0,0,0,0,0,1
10802,0,186.22,0.98,0.0,0.0,0.0,0.0,0.0,0.0,0.11,0.0,0.0,0.08,0.0,0.44,0.0,0.0,0.23,0.0,2.43,0,0,0,0,0,0,1,0,0,0,0,0,0,0,0,0,0,1
10803,0,186.24,0.98,0.0,0.0,0.0,0.0,0.0,0.0,0.14,0.0,0.0,0.07,0.0,0.37,0.0,0.0,0.26,0.0,2.45,0,0,0,0,0,0,1,0,0,0,0,0,0,0,0,0,0,1
10804,0,186.25,0.98,0.0,0.0,0.0,0.0,0.0,0.0,0.15,0.0,0.0,0.07,0.0,0.33,0.0,0.0,0.3,0.0,2.4,0,0,0,0,0,0,1,0,0,0,0,0,0,0,0,0,0,1
10805,0,186.27,0.98,0.0,0.0,0.0,0.0,0.0,0.0,0.13,0.0,0.0,0.02,0.0,0.34,0.0,0.0,0.32,0.0,2.41,0,0,0,0,0,0,1,0,0,0,0,0,0,0,0,0,0,1
10806,0,186.29,0.98,0.0,0.0,0.0,0.0,0.0,0.0,0.11,0.0,0.0,0.0,0.0,0.4,0.0,0.0,0.33,0.0,2.37,0,0,0,0,0,0,1,0,0,0,0,0,0,0,0,0,0,1
10807,0,186.3,0.98,0.0,0.0,0.0,0.0,0.0,0.0,0.08,0.0,0.0,0.0,0.0,0.44,0.0,0.0,0.38,0.0,2.36,0,0,0,0,0,0,1,0,0,0,0,0,0,0,0,0,0,1
10808,0,186.32,0.98,0.0,0.0,0.0,0.0,0.0,0.0,0.09,0.0,0.0,0.0,0.0,0.42,0.0,0.0,0.44,0.0,2.32,0,0,0,0,0,0,1,0,0,0,0,0,0,0,0,0,0,1
10809,0,186.34,0.98,0.0,0.0,0.0,0.0,0.0,0.0,0.07,0.0,0.0,0.0,0.0,0.39,0.0,0.0,0.46,0.0,2.24,0,0,0,0,0,0,1,0,0,0,0,0,0,0,0,0,0,1
10810,0,186.36,0.98,0.0,0.0,0.0,0.0,0.0,0.0,0.06,0.0,0.0,0.01,0.0,0.36,0.0,0.0,0.47,0.0,2.17,0,0,0,0,0,0,1,0,0,0,0,0,0,0,0,0,0,1
10811,0,186.37,0.98,0.0,0.0,0.0,0.0,0.0,0.0,0.04,0.0,0.0,0.03,0.0,0.35,0.0,0.0,0.4,0.0,2.21,0,0,0,0,0,0,1,0,0,0,0,0,0,0,0,0,0,1
10812,0,186.39,0.98,0.0,0.0,0.0,0.0,0.0,0.0,0.06,0.0,0.0,0.08,0.0,0.37,0.0,0.0,0.36,0.0,2.26,0,0,0,0,0,0,1,0,0,0,0,0,0,0,0,0,0,1
10813,0,186.41,0.98,0.0,0.0,0.0,0.0,0.0,0.0,0.06,0.0,0.0,0.09,0.0,0.34,0.0,0.0,0.35,0.0,2.34,0,0,0,0,0,0,1,0,0,0,0,0,0,0,0,0,0,1
10814,0,186.43,0.98,0.0,0.0,0.0,0.0,0.0,0.0,0.06,0.0,0.0,0.11,0.0,0.31,0.0,0.0,0.4,0.0,2.3,0,0,0,0,0,0,1,0,0,0,0,0,0,0,0,0,0,1
10815,0,186.44,0.98,0.0,0.0,0.0,0.0,0.0,0.0,0.08,0.0,0.0,0.05,0.0,0.32,0.0,0.0,0.36,0.0,2.33,0,0,0,0,0,0,1,0,0,0,0,0,0,0,0,0,0,1
10816,0,186.46,0.98,0.0,0.0,0.0,0.0,0.0,0.0,0.05,0.0,0.0,0.03,0.0,0.3,0.0,0.0,0.27,0.0,2.49,0,0,0,0,0,0,1,0,0,0,0,0,0,0,0,0,0,1
10817,0,186.48,0.98,0.0,0.0,0.0,0.0,0.0,0.0,0.05,0.0,0.0,0.01,0.0,0.33,0.0,0.0,0.22,0.0,2.54,0,0,0,0,0,0,1,0,0,0,0,0,0,0,0,0,0,1
10818,0,186.49,0.98,0.0,0.0,0.0,0.0,0.0,0.0,0.01,0.0,0.0,0.01,0.0,0.27,0.0,0.0,0.28,0.0,2.59,0,0,0,0,0,0,1,0,0,0,0,0,0,0,0,0,0,1
10819,0,186.51,0.98,0.0,0.0,0.0,0.0,0.0,0.0,0.01,0.0,0.0,0.06,0.0,0.25,0.0,0.0,0.38,0.0,2.45,0,0,0,0,0,0,1,0,0,0,0,0,0,0,0,0,0,1
10820,0,186.53,0.98,0.0,0.0,0.0,0.0,0.0,0.0,0.0,0.0,0.0,0.11,0.0,0.19,0.0,0.0,0.43,0.0,2.53,0,0,0,0,0,0,1,0,0,1,0,0,0,0,0,0,0,1
10821,0,186.54,0.98,0.0,0.0,0.0,0.0,0.0,0.0,0.0,0.0,0.0,0.14,0.01,0.2,0.0,0.0,0.46,0.0,2.46,0,0,0,0,0,0,1,0,0,1,0,0,0,0,0,0,0,1
10822,0,186.56,0.98,0.0,0.0,0.0,0.0,0.0,0.0,0.0,0.0,0.0,0.11,0.01,0.23,0.0,0.0,0.45,0.0,2.52,0,0,0,0,0,0,1,0,0,1,0,0,0,0,0,0,0,1
10823,0,186.58,0.98,0.0,0.0,0.0,0.0,0.0,0.0,0.0,0.0,0.0,0.11,0.01,0.23,0.0,0.0,0.42,0.0,2.47,0,0,0,0,0,0,1,0,0,1,0,0,0,0,0,0,0,1
10824,0,186.6,0.98,0.0,0.0,0.0,0.0,0.0,0.0,0.0,0.0,0.0,0.15,0.0,0.22,0.0,0.0,0.41,0.0,2.53,0,0,0,0,0,0,1,0,0,1,0,0,0,0,0,0,0,1
10825,0,186.61,0.98,0.0,0.0,0.0,0.0,0.0,0.0,0.0,0.0,0.0,0.17,0.0,0.21,0.0,0.0,0.41,0.0,2.53,0,0,0,0,0,0,1,0,0,1,0,0,0,0,0,0,0,1
10826,0,186.63,0.98,0.0,0.0,0.0,0.0,0.0,0.0,0.0,0.0,0.0,0.18,0.0,0.24,0.0,0.0,0.42,0.0,2.57,0,0,0,0,0,0,1,0,0,1,0,0,0,0,0,0,0,1
10827,0,186.65,0.98,0.0,0.0,0.0,0.0,0.0,0.0,0.0,0.0,0.0,0.16,0.0,0.27,0.0,0.0,0.37,0.03,2.57,0,0,0,0,0,0,1,0,0,1,0,0,0,0,0,0,0,1
10828,0,186.67,0.98,0.0,0.0,0.0,0.0,0.0,0.0,0.0,0.0,0.0,0.24,0.0,0.32,0.0,0.0,0.38,0.06,2.56,0,0,0,0,0,0,1,0,0,1,0,0,0,0,0,0,0,1
10829,0,186.68,0.98,0.0,0.0,0.0,0.0,0.0,0.0,0.0,0.0,0.0,0.24,0.0,0.32,0.0,0.0,0.36,0.06,2.55,0,0,0,0,0,0,1,0,0,1,0,0,0,0,0,0,0,1
10830,0,186.7,0.98,0.0,0.0,0.0,0.0,0.0,0.0,0.0,0.0,0.0,0.27,0.0,0.33,0.0,0.0,0.34,0.06,2.63,0,0,0,0,0,0,1,0,0,1,0,0,0,0,0,0,0,1
10831,0,186.72,0.98,0.0,0.0,0.0,0.0,0.0,0.0,0.0,0.0,0.0,0.26,0.0,0.31,0.0,0.0,0.28,0.03,2.62,0,0,0,0,0,0,1,0,0,1,0,0,0,0,0,0,0,1
10832,0,186.74,0.98,0.0,0.0,0.0,0.0,0.0,0.0,0.0,0.0,0.0,0.3,0.0,0.34,0.0,0.0,0.21,0.03,2.64,0,0,0,0,0,0,1,0,0,1,0,0,0,0,0,0,0,1
10833,0,186.75,0.98,0.0,0.0,0.0,0.0,0.0,0.0,0.0,0.0,0.0,0.33,0.02,0.34,0.0,0.0,0.16,0.02,2.58,0,0,0,0,0,0,1,0,0,1,0,0,0,0,0,0,0,1
10834,0,186.77,0.98,0.0,0.0,0.0,0.0,0.0,0.0,0.0,0.0,0.0,0.26,0.03,0.3,0.0,0.0,0.15,0.02,2.66,0,0,0,0,0,0,1,0,0,1,0,0,0,0,0,0,0,1
10835,0,186.79,0.98,0.0,0.0,0.0,0.0,0.0,0.0,0.0,0.0,0.0,0.17,0.09,0.28,0.0,0.0,0.13,0.02,2.61,0,0,0,0,0,0,1,0,0,1,0,0,0,0,0,0,0,1
10836,0,186.8,0.98,0.0,0.0,0.0,0.0,0.0,0.0,0.0,0.0,0.0,0.11,0.07,0.32,0.0,0.0,0.11,0.01,2.55,0,0,0,0,0,0,1,0,0,1,0,0,0,0,0,0,0,1
10837,0,186.82,0.98,0.0,0.0,0.0,0.0,0.0,0.0,0.0,0.0,0.0,0.11,0.06,0.34,0.0,0.0,0.03,0.04,2.47,0,0,0,0,0,0,1,0,0,1,0,0,0,0,0,0,0,1
10838,0,186.84,0.98,0.0,0.0,0.0,0.0,0.0,0.0,0.0,0.0,0.0,0.07,0.02,0.31,0.0,0.0,0.1,0.09,2.4,0,0,0,0,0,0,1,0,0,1,0,0,0,0,0,0,0,1
10839,0,186.86,0.98,0.0,0.0,0.0,0.0,0.0,0.0,0.0,0.0,0.0,0.11,0.02,0.35,0.0,0.0,0.15,0.08,2.46,0,0,0,0,0,0,1,0,0,0,0,0,0,0,0,0,0,1
10840,0,186.87,0.98,0.0,0.0,0.0,0.0,0.0,0.0,0.0,0.0,0.0,0.12,0.02,0.42,0.0,0.0,0.15,0.06,2.46,0,0,0,0,0,0,1,0,0,0,0,0,0,0,0,0,0,1
10841,0,186.89,0.98,0.0,0.0,0.0,0.0,0.0,0.0,0.0,0.0,0.0,0.14,0.0,0.45,0.0,0.0,0.09,0.02,2.51,0,0,0,0,0,0,1,0,0,0,0,0,0,0,0,0,0,1
10842,0,186.91,0.98,0.0,0.0,0.0,0.0,0.0,0.0,0.0,0.0,0.0,0.1,0.0,0.43,0.0,0.0,0.08,0.08,2.45,0,0,0,0,0,0,1,0,0,0,0,0,0,0,0,0,0,1
10843,0,186.93,0.98,0.0,0.0,0.0,0.0,0.0,0.0,0.0,0.0,0.0,0.09,0.0,0.4,0.0,0.0,0.17,0.2,2.46,0,0,0,0,0,0,1,0,0,1,0,0,0,0,0,0,0,1
10844,0,186.94,0.98,0.0,0.0,0.0,0.0,0.0,0.0,0.0,0.0,0.0,0.11,0.0,0.45,0.0,0.0,0.25,0.25,2.47,0,0,0,0,0,0,1,0,0,1,0,0,0,0,0,0,0,1
10845,0,186.96,0.98,0.0,0.0,0.0,0.0,0.0,0.0,0.0,0.0,0.0,0.11,0.0,0.43,0.0,0.0,0.31,0.24,2.5,0,0,0,0,0,0,1,0,0,1,0,0,0,0,0,0,0,1
10846,0,186.98,0.98,0.0,0.0,0.0,0.0,0.0,0.0,0.0,0.0,0.0,0.15,0.0,0.46,0.0,0.0,0.26,0.17,2.43,0,0,0,0,0,0,1,0,0,1,0,0,0,0,0,0,0,1
10847,0,186.99,0.98,0.0,0.0,0.0,0.0,0.0,0.0,0.0,0.0,0.0,0.16,0.0,0.42,0.0,0.0,0.22,0.18,2.44,0,0,0,0,0,0,1,0,0,1,0,0,0,0,0,0,0,1
10848,0,187.01,0.98,0.0,0.0,0.0,0.0,0.0,0.0,0.0,0.0,0.0,0.16,0.0,0.39,0.0,0.0,0.15,0.12,2.43,0,0,0,0,0,0,1,0,0,1,0,0,0,0,0,0,0,1
10849,0,187.03,0.98,0.0,0.0,0.0,0.0,0.0,0.0,0.0,0.0,0.0,0.11,0.0,0.35,0.0,0.0,0.13,0.17,2.41,0,0,0,0,0,0,1,0,0,0,0,0,0,0,0,0,0,1
10850,0,187.04,0.98,0.0,0.0,0.0,0.0,0.0,0.0,0.0,0.0,0.0,0.07,0.01,0.32,0.0,0.0,0.13,0.16,2.35,0,0,0,0,0,0,1,0,0,0,0,0,0,0,0,0,0,1
10851,0,187.06,0.98,0.0,0.0,0.0,0.0,0.0,0.0,0.0,0.0,0.0,0.03,0.01,0.29,0.0,0.0,0.17,0.24,2.28,0,0,0,0,0,0,1,0,0,0,0,0,0,0,0,0,0,1
10852,0,187.08,0.98,0.0,0.0,0.0,0.0,0.0,0.0,0.0,0.0,0.0,0.04,0.01,0.29,0.0,0.0,0.19,0.18,2.25,0,0,0,0,0,0,1,0,0,0,0,0,0,0,0,0,0,1
10853,0,187.1,0.98,0.0,0.0,0.0,0.0,0.0,0.0,0.0,0.0,0.0,0.11,0.0,0.31,0.0,0.0,0.15,0.17,2.18,0,0,0,0,0,0,1,0,0,0,0,0,0,0,0,0,0,1
10854,0,187.11,0.98,0.0,0.0,0.0,0.0,0.0,0.0,0.0,0.0,0.0,0.13,0.0,0.34,0.0,0.0,0.1,0.14,2.2,0,0,0,0,0,0,1,0,0,0,0,0,0,0,0,0,0,1
10855,0,187.13,0.98,0.0,0.0,0.0,0.0,0.0,0.0,0.0,0.0,0.0,0.09,0.0,0.31,0.0,0.0,0.09,0.14,2.23,0,0,0,0,0,0,1,0,0,0,0,0,0,0,0,0,0,1
10856,0,187.15,0.98,0.0,0.0,0.0,0.0,0.0,0.0,0.0,0.0,0.0,0.03,0.0,0.27,0.0,0.0,0.16,0.12,2.26,0,0,0,0,0,0,1,0,0,0,0,0,0,0,0,0,0,1
10857,0,187.17,0.98,0.0,0.0,0.0,0.0,0.0,0.0,0.0,0.0,0.0,0.01,0.0,0.26,0.0,0.0,0.15,0.17,2.23,0,0,0,0,0,0,1,0,0,0,0,0,0,0,0,0,0,1
10858,0,187.18,0.98,0.0,0.0,0.0,0.0,0.0,0.0,0.0,0.0,0.0,0.01,0.0,0.25,0.0,0.0,0.19,0.2,2.22,0,0,0,0,0,0,1,0,0,0,0,0,0,0,0,0,0,1
10859,0,187.2,0.98,0.0,0.0,0.0,0.0,0.0,0.0,0.0,0.0,0.0,0.02,0.0,0.25,0.0,0.0,0.13,0.24,2.26,0,0,0,0,0,0,1,0,0,0,0,0,0,0,0,0,0,1
10860,0,187.22,0.98,0.0,0.0,0.0,0.0,0.0,0.0,0.0,0.0,0.0,0.05,0.0,0.21,0.0,0.0,0.18,0.19,2.21,0,0,0,0,0,0,1,0,0,0,0,0,0,0,0,0,0,1
10861,0,187.24,0.98,0.0,0.0,0.0,0.0,0.0,0.0,0.0,0.0,0.0,0.06,0.0,0.19,0.0,0.0,0.15,0.2,2.22,0,0,0,0,0,0,1,0,0,0,0,0,0,0,0,0,0,1
10862,0,187.25,0.98,0.0,0.0,0.0,0.0,0.0,0.0,0.0,0.0,0.0,0.08,0.0,0.24,0.0,0.0,0.17,0.23,2.18,0,0,0,0,0,0,1,0,0,0,0,0,0,0,0,0,0,1
10863,0,187.27,0.98,0.0,0.0,0.0,0.0,0.0,0.0,0.0,0.0,0.0,0.13,0.0,0.25,0.0,0.0,0.16,0.31,2.3,0,0,0,0,0,0,1,0,0,1,0,0,0,0,0,0,0,1
10864,0,187.29,0.98,0.0,0.0,0.0,0.0,0.0,0.0,0.0,0.0,0.0,0.13,0.0,0.3,0.0,0.0,0.13,0.29,2.25,0,0,0,0,0,0,1,0,0,1,0,0,0,0,0,0,0,1
10865,0,187.3,0.98,0.0,0.0,0.0,0.0,0.0,0.0,0.0,0.0,0.0,0.14,0.0,0.23,0.0,0.0,0.18,0.3,2.33,0,0,0,0,0,0,1,0,0,1,0,0,0,0,0,0,0,1
10866,0,187.32,0.98,0.0,0.0,0.0,0.0,0.0,0.0,0.0,0.0,0.0,0.07,0.0,0.19,0.0,0.0,0.24,0.23,2.36,0,0,0,0,0,0,1,0,0,1,0,0,0,0,0,0,0,1
10867,0,187.34,0.98,0.0,0.0,0.0,0.0,0.0,0.0,0.0,0.0,0.0,0.08,0.0,0.12,0.0,0.0,0.3,0.24,2.42,0,0,0,0,0,0,1,0,0,1,0,0,0,0,0,0,0,1
10868,0,187.36,0.98,0.0,0.0,0.0,0.0,0.0,0.0,0.0,0.0,0.0,0.03,0.0,0.12,0.0,0.0,0.23,0.19,2.42,0,0,0,0,0,0,1,0,0,1,0,0,0,0,0,0,0,1
10869,0,187.37,0.98,0.0,0.0,0.0,0.0,0.0,0.0,0.0,0.0,0.0,0.05,0.0,0.12,0.0,0.0,0.2,0.18,2.36,0,0,0,0,0,0,1,0,0,1,0,0,0,0,0,0,0,1
10870,0,187.39,0.98,0.0,0.0,0.0,0.0,0.0,0.0,0.0,0.0,0.0,0.08,0.0,0.12,0.0,0.0,0.17,0.21,2.29,0,0,0,0,0,0,1,0,0,1,0,0,0,0,0,0,0,1
10871,0,187.41,0.98,0.0,0.0,0.0,0.0,0.0,0.0,0.0,0.0,0.0,0.13,0.0,0.12,0.0,0.0,0.21,0.18,2.24,0,0,0,0,0,0,1,0,0,1,0,0,0,0,0,0,0,1
10872,0,187.43,0.98,0.0,0.0,0.0,0.0,0.0,0.0,0.0,0.0,0.0,0.09,0.0,0.11,0.0,0.0,0.23,0.21,2.22,0,0,0,0,0,0,1,0,0,1,0,0,0,0,0,0,0,1
10873,0,187.44,0.98,0.0,0.0,0.0,0.0,0.0,0.0,0.0,0.0,0.0,0.08,0.0,0.09,0.0,0.0,0.21,0.22,2.22,0,0,0,0,0,0,1,0,0,1,0,0,0,0,0,0,0,1
10874,0,187.46,0.98,0.0,0.0,0.0,0.0,0.0,0.0,0.0,0.0,0.0,0.05,0.0,0.07,0.0,0.0,0.22,0.22,2.2,0,0,0,0,0,0,1,0,0,1,0,0,0,0,0,0,0,1
10875,0,187.48,0.98,0.0,0.0,0.0,0.0,0.0,0.0,0.0,0.0,0.0,0.08,0.0,0.05,0.0,0.0,0.18,0.29,2.18,0,0,0,0,0,0,1,0,0,1,0,0,0,0,0,0,0,1
10876,0,187.49,0.98,0.0,0.0,0.0,0.0,0.0,0.0,0.0,0.0,0.0,0.05,0.0,0.04,0.0,0.0,0.21,0.31,2.22,0,0,0,0,0,0,1,0,0,0,0,0,0,0,0,0,0,1
10877,0,187.51,0.98,0.0,0.0,0.0,0.0,0.0,0.0,0.0,0.0,0.0,0.03,0.0,0.03,0.0,0.0,0.23,0.34,2.24,0,0,0,0,0,0,1,0,0,1,0,0,0,0,0,0,0,1
10878,0,187.53,0.98,0.0,0.0,0.0,0.0,0.0,0.0,0.0,0.0,0.0,0.01,0.0,0.04,0.0,0.0,0.25,0.26,2.33,0,0,0,0,0,0,1,0,0,0,0,0,0,0,0,0,0,1
10879,0,187.54,0.98,0.0,0.0,0.0,0.0,0.0,0.0,0.0,0.0,0.0,0.01,0.0,0.07,0.0,0.0,0.25,0.2,2.4,0,0,0,0,0,0,1,0,0,0,0,0,0,0,0,0,0,1
10880,0,187.56,0.98,0.0,0.0,0.0,0.0,0.0,0.0,0.0,0.0,0.0,0.0,0.0,0.06,0.0,0.0,0.21,0.18,2.35,0,0,0,0,0,0,1,0,0,0,0,0,0,0,0,0,0,1
10881,0,187.58,0.98,0.0,0.0,0.0,0.0,0.0,0.0,0.0,0.0,0.0,0.0,0.0,0.06,0.0,0.0,0.2,0.21,2.33,0,0,0,0,0,0,1,0,0,0,0,0,0,0,0,0,0,1
10882,0,187.6,0.98,0.0,0.0,0.0,0.0,0.0,0.0,0.0,0.0,0.0,0.0,0.0,0.04,0.0,0.0,0.21,0.23,2.3,0,0,0,0,0,0,1,0,0,0,0,0,0,0,0,0,0,1
10883,0,187.61,0.98,0.0,0.0,0.0,0.0,0.0,0.0,0.0,0.0,0.0,0.02,0.0,0.04,0.0,0.0,0.23,0.27,2.34,0,0,0,0,0,0,1,0,0,0,0,0,0,0,0,0,0,1
10884,0,187.63,0.98,0.0,0.0,0.0,0.0,0.0,0.0,0.0,0.0,0.0,0.03,0.0,0.04,0.0,0.0,0.22,0.29,2.28,0,0,0,0,0,0,1,0,0,0,0,0,0,0,0,0,0,1
10885,0,187.65,0.98,0.0,0.0,0.0,0.0,0.0,0.0,0.0,0.0,0.0,0.03,0.0,0.06,0.0,0.0,0.19,0.3,2.19,0,0,0,0,0,0,1,0,0,0,0,0,0,0,0,0,0,1
10886,0,187.67,0.98,0.0,0.0,0.0,0.0,0.0,0.0,0.0,0.0,0.0,0.01,0.0,0.1,0.0,0.0,0.18,0.3,2.17,0,0,0,0,0,0,1,0,0,0,0,0,0,0,0,0,0,1
10887,0,187.68,0.98,0.0,0.0,0.0,0.0,0.0,0.0,0.0,0.0,0.0,0.0,0.0,0.12,0.0,0.0,0.17,0.3,2.21,0,0,0,0,0,0,1,0,0,0,0,0,0,0,0,0,0,1
10888,0,187.7,0.98,0.0,0.0,0.0,0.0,0.0,0.0,0.0,0.0,0.0,0.0,0.0,0.11,0.0,0.0,0.16,0.34,2.27,0,0,0,0,0,0,1,0,0,0,0,0,0,0,0,0,0,1
10889,0,187.72,0.98,0.0,0.0,0.0,0.0,0.0,0.0,0.0,0.0,0.0,0.0,0.0,0.1,0.0,0.0,0.16,0.3,2.37,0,0,0,0,0,0,1,0,0,0,0,0,0,0,0,0,0,1
10890,0,187.74,0.98,0.0,0.0,0.0,0.0,0.0,0.0,0.0,0.0,0.0,0.0,0.0,0.09,0.0,0.0,0.22,0.3,2.36,0,0,0,0,0,0,1,0,0,0,0,0,0,0,0,0,0,1
10891,0,187.75,0.98,0.0,0.0,0.0,0.0,0.0,0.0,0.0,0.0,0.0,0.0,0.0,0.13,0.0,0.0,0.25,0.23,2.38,0,0,0,0,0,0,1,0,0,0,0,0,0,0,0,0,0,1
10892,0,187.77,0.98,0.0,0.0,0.0,0.0,0.0,0.0,0.0,0.0,0.0,0.0,0.0,0.18,0.0,0.0,0.22,0.25,2.32,0,0,0,0,0,0,1,0,0,0,0,0,0,0,0,0,0,1
10893,0,187.79,0.98,0.0,0.0,0.0,0.0,0.0,0.0,0.0,0.0,0.0,0.0,0.0,0.24,0.0,0.0,0.13,0.16,2.39,0,0,0,0,0,0,1,0,0,0,0,0,0,0,0,0,0,1
10894,0,187.8,0.98,0.0,0.0,0.0,0.0,0.0,0.0,0.0,0.0,0.0,0.0,0.0,0.27,0.0,0.0,0.1,0.16,2.37,0,0,0,0,0,0,1,0,0,0,0,0,0,0,0,0,0,1
10895,0,187.82,0.98,0.0,0.0,0.0,0.0,0.0,0.0,0.0,0.0,0.0,0.0,0.0,0.25,0.0,0.0,0.13,0.12,2.39,0,0,0,0,0,0,1,0,0,0,0,0,0,0,0,0,0,1
10896,0,187.84,0.98,0.0,0.0,0.0,0.0,0.0,0.0,0.0,0.0,0.0,0.0,0.0,0.19,0.0,0.0,0.17,0.15,2.36,0,0,0,0,0,0,1,0,0,0,0,0,0,0,0,0,0,1
10897,0,187.86,0.98,0.0,0.0,0.0,0.0,0.0,0.0,0.0,0.0,0.0,0.0,0.0,0.13,0.0,0.0,0.22,0.19,2.36,0,0,0,0,0,0,1,0,0,0,0,0,0,0,0,0,0,1
10898,0,187.87,0.98,0.0,0.0,0.0,0.0,0.0,0.0,0.0,0.0,0.0,0.01,0.0,0.11,0.0,0.0,0.26,0.16,2.36,0,0,0,0,0,0,1,0,0,0,0,0,0,0,0,0,0,1
10899,0,187.89,0.98,0.0,0.0,0.0,0.0,0.0,0.0,0.0,0.0,0.0,0.09,0.0,0.1,0.0,0.0,0.26,0.18,2.36,0,0,0,0,0,0,1,0,0,0,0,0,0,0,0,0,0,1
10900,0,187.91,0.98,0.0,0.0,0.0,0.0,0.0,0.0,0.0,0.0,0.0,0.09,0.0,0.07,0.0,0.0,0.23,0.19,2.41,0,0,0,0,0,0,1,0,0,0,0,0,0,0,0,0,0,1
10901,0,187.93,0.98,0.0,0.0,0.0,0.0,0.0,0.0,0.0,0.0,0.0,0.1,0.0,0.06,0.0,0.0,0.15,0.24,2.41,0,0,0,0,0,0,1,0,0,0,0,0,0,0,0,0,0,1
10902,0,187.94,0.98,0.0,0.0,0.0,0.0,0.0,0.0,0.0,0.0,0.0,0.03,0.0,0.03,0.0,0.0,0.17,0.24,2.45,0,0,0,0,0,0,1,0,0,0,0,0,0,0,0,0,0,1
10903,0,187.96,0.98,0.0,0.0,0.0,0.0,0.0,0.0,0.0,0.0,0.0,0.09,0.0,0.06,0.0,0.0,0.15,0.27,2.5,0,0,0,0,0,0,1,0,0,0,0,0,0,0,0,0,0,1
10904,0,187.98,0.98,0.0,0.0,0.0,0.0,0.0,0.0,0.0,0.0,0.0,0.07,0.0,0.04,0.0,0.0,0.16,0.27,2.56,0,0,0,0,0,0,1,0,0,0,0,0,0,0,0,0,0,1
10905,0,187.99,0.98,0.0,0.0,0.0,0.0,0.0,0.0,0.0,0.0,0.0,0.07,0.0,0.04,0.0,0.0,0.17,0.28,2.53,0,0,0,0,0,0,1,0,0,1,0,0,0,0,0,0,0,1
10906,0,188.01,0.98,0.0,0.0,0.0,0.0,0.0,0.0,0.0,0.0,0.0,0.04,0.0,0.07,0.0,0.0,0.2,0.25,2.47,0,0,0,0,0,0,1,0,0,1,0,0,0,0,0,0,0,1
10907,0,188.03,0.98,0.0,0.0,0.0,0.0,0.0,0.0,0.0,0.0,0.0,0.06,0.0,0.1,0.0,0.0,0.18,0.22,2.39,0,0,0,0,0,0,1,0,0,1,0,0,0,0,0,0,0,1
10908,0,188.04,0.98,0.0,0.0,0.0,0.0,0.0,0.0,0.0,0.0,0.0,0.06,0.0,0.1,0.0,0.0,0.17,0.22,2.38,0,0,0,0,0,0,1,0,0,1,0,0,0,0,0,0,0,1
10909,0,188.06,0.98,0.0,0.0,0.0,0.0,0.0,0.0,0.0,0.0,0.0,0.07,0.0,0.06,0.0,0.0,0.17,0.19,2.3,0,0,0,0,0,0,1,0,0,1,0,0,0,0,0,0,0,1
10910,0,188.08,0.98,0.0,0.0,0.0,0.0,0.0,0.0,0.0,0.0,0.0,0.08,0.0,0.03,0.0,0.0,0.19,0.19,2.31,0,0,0,0,0,0,1,0,0,1,0,0,0,0,0,0,0,1
10911,0,188.1,0.98,0.0,0.0,0.0,0.0,0.0,0.0,0.0,0.0,0.0,0.1,0.0,0.04,0.0,0.0,0.19,0.16,2.24,0,0,0,0,0,0,1,0,0,1,0,0,0,0,0,0,0,1
10912,0,188.11,0.98,0.0,0.0,0.0,0.0,0.0,0.0,0.0,0.0,0.0,0.11,0.0,0.02,0.0,0.0,0.14,0.21,2.29,0,0,0,0,0,0,1,0,0,1,0,0,0,0,0,0,0,1
10913,0,188.13,0.98,0.0,0.0,0.0,0.0,0.0,0.0,0.0,0.0,0.0,0.13,0.0,0.07,0.0,0.0,0.13,0.27,2.31,0,0,0,0,0,0,1,0,0,1,0,0,0,0,0,0,0,1
10914,0,188.15,0.98,0.0,0.0,0.0,0.0,0.0,0.0,0.0,0.0,0.0,0.13,0.0,0.05,0.0,0.0,0.06,0.3,2.3,0,0,0,0,0,0,1,0,0,1,0,0,0,0,0,0,0,1
10915,0,188.17,0.98,0.0,0.0,0.0,0.0,0.0,0.0,0.0,0.0,0.0,0.13,0.0,0.05,0.0,0.0,0.09,0.24,2.28,0,0,0,0,0,0,1,0,0,1,0,0,0,0,0,0,0,1
10916,0,188.18,0.98,0.0,0.0,0.0,0.0,0.0,0.0,0.0,0.0,0.0,0.12,0.0,0.02,0.0,0.0,0.07,0.2,2.25,0,0,0,0,0,0,1,0,0,1,0,0,0,0,0,0,0,1
10917,0,188.2,0.98,0.0,0.0,0.0,0.0,0.0,0.0,0.0,0.0,0.0,0.16,0.0,0.02,0.0,0.0,0.1,0.23,2.3,0,0,0,0,0,0,1,0,0,1,0,0,0,0,0,0,0,1
10918,0,188.22,0.98,0.0,0.0,0.0,0.0,0.0,0.0,0.0,0.0,0.0,0.12,0.0,0.02,0.0,0.0,0.08,0.25,2.28,0,0,0,0,0,0,1,0,0,1,0,0,0,0,0,0,0,1
10919,0,188.24,0.98,0.0,0.0,0.0,0.0,0.0,0.0,0.0,0.0,0.0,0.09,0.0,0.01,0.0,0.0,0.06,0.25,2.26,0,0,0,0,0,0,1,0,0,1,0,0,0,0,0,0,0,1
10920,0,188.25,0.98,0.0,0.0,0.0,0.0,0.0,0.0,0.0,0.0,0.0,0.04,0.0,0.04,0.0,0.0,0.03,0.2,2.19,0,0,0,0,0,0,1,0,0,1,0,0,0,0,0,0,0,1
10921,0,188.27,0.98,0.0,0.0,0.0,0.0,0.0,0.0,0.0,0.0,0.0,0.05,0.0,0.05,0.0,0.0,0.0,0.19,2.21,0,0,0,0,0,0,1,0,0,1,0,0,0,0,0,0,0,1
10922,0,188.29,0.98,0.0,0.0,0.0,0.0,0.0,0.0,0.0,0.0,0.0,0.09,0.0,0.07,0.0,0.0,0.01,0.2,2.23,0,0,0,0,0,0,1,0,0,1,0,0,0,0,0,0,0,1
10923,0,188.3,0.98,0.0,0.0,0.0,0.0,0.0,0.0,0.0,0.0,0.0,0.11,0.0,0.03,0.0,0.0,0.02,0.22,2.26,0,0,0,0,0,0,1,0,0,1,0,0,0,0,0,0,0,1
10924,0,188.32,0.98,0.0,0.0,0.0,0.0,0.0,0.0,0.0,0.0,0.0,0.14,0.0,0.02,0.0,0.0,0.02,0.19,2.24,0,0,0,0,0,0,1,0,0,1,0,0,0,0,0,0,0,1
10925,0,188.34,0.98,0.0,0.0,0.0,0.0,0.0,0.0,0.0,0.0,0.0,0.07,0.0,0.0,0.0,0.0,0.01,0.13,2.17,0,0,0,0,0,0,1,0,0,0,0,0,0,0,0,0,0,1
10926,0,188.36,0.98,0.0,0.0,0.0,0.0,0.0,0.0,0.0,0.0,0.0,0.04,0.0,0.0,0.0,0.0,0.06,0.11,2.17,0,0,0,0,0,0,1,0,0,0,0,0,0,0,0,0,0,1
10927,0,188.37,0.98,0.0,0.0,0.0,0.0,0.0,0.0,0.0,0.0,0.0,0.0,0.0,0.0,0.0,0.0,0.08,0.12,2.15,0,0,0,0,0,0,1,0,0,0,0,0,0,0,0,0,0,1
10928,0,188.39,0.98,0.0,0.0,0.0,0.0,0.0,0.0,0.0,0.0,0.0,0.0,0.0,0.0,0.0,0.0,0.12,0.15,2.13,0,0,0,0,0,0,1,0,0,0,0,0,0,0,0,0,0,1
10929,0,188.41,0.98,0.0,0.0,0.0,0.0,0.0,0.0,0.0,0.0,0.0,0.0,0.0,0.0,0.0,0.0,0.06,0.2,2.11,0,0,0,0,0,0,1,0,0,0,0,0,0,0,0,0,0,1
10930,0,188.43,0.98,0.0,0.0,0.0,0.0,0.0,0.0,0.0,0.0,0.0,0.0,0.0,0.0,0.0,0.0,0.05,0.29,2.13,0,0,0,0,0,0,1,0,0,0,0,0,0,0,0,0,0,1
10931,0,188.44,0.98,0.0,0.0,0.0,0.0,0.0,0.0,0.0,0.0,0.0,0.03,0.0,0.0,0.0,0.0,0.06,0.38,2.23,0,0,0,0,0,0,1,0,0,0,0,0,0,0,0,0,0,1
10932,0,188.46,0.98,0.0,0.0,0.0,0.0,0.0,0.0,0.0,0.0,0.0,0.03,0.0,0.03,0.0,0.0,0.09,0.35,2.27,0,0,0,0,0,0,1,0,0,0,0,0,0,0,0,0,0,1
10933,0,188.48,0.98,0.0,0.0,0.0,0.0,0.0,0.0,0.0,0.0,0.0,0.05,0.0,0.05,0.0,0.0,0.09,0.37,2.31,0,0,0,0,0,0,1,0,0,0,0,0,0,0,0,0,0,1
10934,0,188.49,0.98,0.0,0.0,0.0,0.0,0.0,0.0,0.0,0.0,0.0,0.08,0.0,0.05,0.0,0.0,0.08,0.33,2.23,0,0,0,0,0,0,1,0,0,1,0,0,0,0,0,0,0,1
10935,0,188.51,0.98,0.0,0.0,0.0,0.0,0.0,0.0,0.0,0.0,0.0,0.15,0.0,0.06,0.0,0.0,0.08,0.4,2.2,0,0,0,0,0,0,1,0,0,1,0,0,0,0,0,0,0,1
10936,0,188.53,0.98,0.0,0.0,0.0,0.0,0.0,0.0,0.0,0.0,0.0,0.2,0.0,0.04,0.0,0.0,0.11,0.43,2.17,0,0,0,0,0,0,1,0,0,1,0,0,0,0,0,0,0,1
10937,0,188.54,0.98,0.0,0.0,0.0,0.0,0.0,0.0,0.0,0.0,0.0,0.2,0.0,0.04,0.0,0.0,0.15,0.44,2.17,0,0,0,0,0,0,1,0,0,1,0,0,0,0,0,0,0,1
10938,0,188.56,0.98,0.0,0.0,0.0,0.0,0.0,0.0,0.0,0.0,0.0,0.17,0.0,0.04,0.0,0.0,0.14,0.38,2.17,0,0,0,0,0,0,1,0,0,1,0,0,0,0,0,0,0,1
10939,0,188.58,0.98,0.0,0.0,0.0,0.0,0.0,0.0,0.0,0.0,0.0,0.16,0.0,0.11,0.0,0.0,0.1,0.33,2.16,0,0,0,0,0,0,1,0,0,1,0,0,0,0,0,0,0,1
10940,0,188.6,0.98,0.0,0.0,0.0,0.0,0.0,0.0,0.0,0.0,0.0,0.18,0.0,0.15,0.0,0.0,0.02,0.3,2.18,0,0,0,0,0,0,1,0,0,1,0,0,0,0,0,0,0,1
10941,0,188.61,0.98,0.0,0.0,0.0,0.0,0.0,0.0,0.0,0.0,0.0,0.23,0.0,0.19,0.0,0.0,0.0,0.29,2.18,0,0,0,0,0,0,1,0,0,1,0,0,0,0,0,0,0,1
10942,0,188.63,0.98,0.0,0.0,0.0,0.0,0.0,0.0,0.0,0.0,0.0,0.26,0.0,0.18,0.0,0.0,0.0,0.37,2.21,0,0,0,0,0,0,1,0,0,1,0,0,0,0,0,0,0,1
10943,0,188.65,0.98,0.0,0.0,0.0,0.0,0.0,0.0,0.0,0.0,0.0,0.25,0.0,0.17,0.0,0.0,0.0,0.44,2.23,0,0,0,0,0,0,1,0,0,1,0,0,0,0,0,0,0,1
10944,0,188.67,0.98,0.0,0.0,0.0,0.0,0.0,0.0,0.0,0.0,0.0,0.24,0.0,0.11,0.0,0.0,0.0,0.5,2.28,0,0,0,0,0,0,1,0,0,1,0,0,0,0,0,0,0,1
10945,0,188.68,0.98,0.0,0.0,0.0,0.0,0.0,0.0,0.0,0.0,0.0,0.22,0.0,0.11,0.0,0.0,0.0,0.46,2.26,0,0,0,0,0,0,1,0,0,1,0,0,0,0,0,0,0,1
10946,0,188.7,0.98,0.0,0.0,0.0,0.0,0.0,0.0,0.0,0.0,0.0,0.23,0.0,0.07,0.0,0.0,0.0,0.43,2.29,0,0,0,0,0,0,1,0,0,1,0,0,0,0,0,0,0,1
10947,0,188.72,0.98,0.0,0.0,0.0,0.0,0.0,0.0,0.0,0.0,0.0,0.22,0.0,0.06,0.0,0.0,0.0,0.44,2.23,0,0,0,0,0,0,1,0,0,1,0,0,0,0,0,0,0,1
10948,0,188.74,0.98,0.0,0.0,0.0,0.0,0.0,0.0,0.0,0.0,0.0,0.23,0.0,0.02,0.0,0.0,0.0,0.48,2.18,0,0,0,0,0,0,1,0,0,1,0,0,0,0,0,0,0,1
10949,0,188.75,0.98,0.0,0.0,0.0,0.0,0.0,0.0,0.0,0.0,0.0,0.24,0.0,0.03,0.0,0.0,0.0,0.45,2.05,0,0,0,0,0,0,1,0,0,1,0,0,0,0,0,0,0,1
10950,0,188.77,0.98,0.0,0.0,0.0,0.0,0.0,0.0,0.0,0.0,0.0,0.2,0.0,0.03,0.0,0.0,0.0,0.41,2.03,0,0,0,0,0,0,1,0,0,1,0,0,0,0,0,0,0,1
10951,0,188.79,0.98,0.0,0.0,0.0,0.0,0.0,0.0,0.0,0.0,0.0,0.19,0.0,0.02,0.0,0.0,0.0,0.43,2.06,0,0,0,0,0,0,1,0,0,1,0,0,0,0,0,0,0,1
10952,0,188.8,0.98,0.0,0.0,0.0,0.0,0.0,0.0,0.0,0.0,0.0,0.18,0.0,0.0,0.0,0.0,0.0,0.43,2.12,0,0,0,0,0,0,1,0,0,1,0,0,0,0,0,0,0,1
10953,0,188.82,0.98,0.0,0.0,0.0,0.0,0.0,0.0,0.0,0.0,0.0,0.22,0.0,0.0,0.0,0.0,0.0,0.48,2.11,0,0,0,0,0,0,1,0,0,1,0,0,0,0,0,0,0,1
10954,0,188.84,0.98,0.0,0.0,0.0,0.0,0.0,0.0,0.0,0.0,0.0,0.21,0.0,0.0,0.0,0.0,0.0,0.4,2.08,0,0,0,0,0,0,1,0,0,1,0,0,0,0,0,0,0,1
10955,0,188.86,0.98,0.0,0.0,0.0,0.0,0.0,0.0,0.0,0.0,0.0,0.21,0.0,0.0,0.0,0.0,0.0,0.45,2.03,0,0,0,0,0,0,1,0,0,1,0,0,0,0,0,0,0,1
10956,0,188.87,0.98,0.0,0.0,0.0,0.0,0.0,0.0,0.0,0.0,0.0,0.21,0.0,0.0,0.0,0.0,0.0,0.43,2.04,0,0,0,0,0,0,1,0,0,1,0,0,0,0,0,0,0,1
10957,0,188.89,0.98,0.0,0.0,0.0,0.0,0.0,0.0,0.0,0.0,0.0,0.23,0.0,0.0,0.0,0.0,0.0,0.44,2.05,0,0,0,0,0,0,1,0,0,1,0,0,0,0,0,0,0,1
10958,0,188.91,0.98,0.0,0.0,0.0,0.0,0.0,0.0,0.0,0.0,0.0,0.22,0.0,0.0,0.0,0.0,0.0,0.37,2.12,0,0,0,0,0,0,1,0,0,1,0,0,0,0,0,0,0,1
10959,0,188.93,0.98,0.0,0.0,0.0,0.0,0.0,0.0,0.0,0.0,0.0,0.19,0.0,0.0,0.0,0.0,0.0,0.34,2.14,0,0,0,0,0,0,1,0,0,1,0,0,0,0,0,0,0,1
10960,0,188.94,0.98,0.0,0.0,0.0,0.0,0.0,0.0,0.0,0.0,0.0,0.11,0.0,0.02,0.0,0.0,0.0,0.37,2.16,0,0,0,0,0,0,1,0,0,1,0,0,0,0,0,0,0,1
10961,0,188.96,0.98,0.0,0.0,0.0,0.0,0.0,0.0,0.0,0.0,0.0,0.1,0.0,0.1,0.0,0.0,0.0,0.42,2.11,0,0,0,0,0,0,1,0,0,1,0,0,0,0,0,0,0,1
10962,0,188.98,0.98,0.0,0.0,0.0,0.0,0.0,0.0,0.0,0.0,0.0,0.06,0.0,0.13,0.0,0.0,0.0,0.41,2.07,0,0,0,0,0,0,1,0,0,1,0,0,0,0,0,0,0,1
10963,0,188.99,0.98,0.0,0.0,0.0,0.0,0.0,0.0,0.0,0.0,0.0,0.06,0.0,0.16,0.0,0.0,0.0,0.37,2.01,0,0,0,0,0,0,1,0,0,1,0,0,0,0,0,0,0,1
10964,0,189.01,0.98,0.0,0.0,0.0,0.0,0.0,0.0,0.0,0.0,0.0,0.06,0.0,0.15,0.0,0.0,0.0,0.34,1.96,0,0,0,0,0,0,1,0,0,1,0,0,0,0,0,0,0,1
10965,0,189.03,0.98,0.0,0.0,0.0,0.0,0.0,0.0,0.0,0.0,0.0,0.08,0.0,0.16,0.0,0.0,0.03,0.4,1.96,0,0,0,0,0,0,1,0,0,1,0,0,0,0,0,0,0,1
10966,0,189.04,0.98,0.0,0.0,0.0,0.0,0.0,0.0,0.0,0.0,0.0,0.13,0.0,0.14,0.0,0.0,0.04,0.49,2.03,0,0,0,0,0,0,1,0,0,1,0,0,0,0,0,0,0,1
10967,0,189.06,0.98,0.0,0.0,0.0,0.0,0.0,0.0,0.0,0.0,0.0,0.1,0.0,0.09,0.0,0.0,0.04,0.54,2.15,0,0,0,0,0,0,1,0,0,1,0,0,0,0,0,0,0,1
10968,0,189.08,0.98,0.0,0.0,0.0,0.0,0.0,0.0,0.0,0.0,0.0,0.12,0.0,0.11,0.0,0.0,0.01,0.56,2.22,0,0,0,0,0,0,1,0,0,1,0,0,0,0,0,0,0,1
10969,0,189.1,0.98,0.0,0.0,0.0,0.0,0.0,0.0,0.0,0.0,0.0,0.09,0.0,0.11,0.0,0.0,0.02,0.59,2.23,0,0,0,0,0,0,0,0,0,1,0,0,0,0,0,0,0,1
10970,0,189.11,0.98,0.0,0.0,0.0,0.0,0.0,0.0,0.0,0.0,0.0,0.16,0.0,0.11,0.0,0.0,0.02,0.61,2.39,0,0,0,0,0,0,0,0,0,1,0,0,0,0,0,0,0,1
10971,0,189.13,0.98,0.0,0.0,0.0,0.0,0.0,0.0,0.0,0.0,0.0,0.14,0.0,0.06,0.0,0.0,0.02,0.58,2.5,0,0,0,0,0,0,0,0,0,1,0,0,0,0,0,0,0,1
10972,0,189.15,0.98,0.0,0.0,0.0,0.0,0.0,0.0,0.0,0.0,0.0,0.15,0.0,0.08,0.0,0.0,0.02,0.56,2.58,0,0,0,0,0,0,0,0,0,1,0,0,0,0,0,0,0,1
10973,0,189.17,0.98,0.0,0.0,0.0,0.0,0.0,0.0,0.0,0.0,0.0,0.11,0.0,0.09,0.0,0.0,0.02,0.57,2.5,0,0,0,0,0,0,0,0,0,1,0,0,0,0,0,0,0,1
10974,0,189.18,0.98,0.0,0.0,0.0,0.0,0.0,0.0,0.0,0.0,0.0,0.13,0.0,0.12,0.0,0.0,0.02,0.63,2.43,0,0,0,0,0,0,0,0,0,1,0,0,0,0,0,0,0,1
10975,0,189.2,0.98,0.0,0.0,0.0,0.0,0.0,0.0,0.0,0.0,0.0,0.08,0.0,0.09,0.0,0.0,0.0,0.64,2.44,0,0,0,0,0,0,0,0,0,1,0,0,0,0,0,0,0,1
10976,0,189.22,0.98,0.0,0.0,0.0,0.0,0.0,0.0,0.0,0.0,0.0,0.11,0.0,0.06,0.0,0.0,0.0,0.66,2.44,0,0,0,0,0,0,0,0,0,1,0,0,0,0,0,0,0,1
10977,0,189.24,0.98,0.0,0.0,0.0,0.0,0.0,0.0,0.0,0.0,0.0,0.17,0.0,0.04,0.0,0.0,0.0,0.68,2.41,0,0,0,0,0,0,0,0,0,1,0,0,0,0,0,0,0,1
10978,0,189.25,0.98,0.0,0.0,0.0,0.0,0.0,0.0,0.0,0.0,0.0,0.18,0.0,0.02,0.0,0.0,0.0,0.6,2.39,0,0,0,0,0,0,0,0,0,1,0,0,0,0,0,0,0,1
10979,0,189.27,0.98,0.0,0.0,0.0,0.0,0.0,0.0,0.0,0.0,0.0,0.23,0.0,0.03,0.0,0.0,0.0,0.59,2.32,0,0,0,0,0,0,0,0,0,1,0,0,0,0,0,0,0,1
10980,0,189.29,0.98,0.0,0.0,0.0,0.0,0.0,0.0,0.0,0.0,0.0,0.29,0.0,0.01,0.0,0.0,0.01,0.55,2.26,0,0,0,0,0,0,0,0,0,1,0,0,0,0,0,0,0,1
10981,0,189.3,0.98,0.0,0.0,0.0,0.0,0.0,0.0,0.0,0.0,0.0,0.39,0.0,0.02,0.0,0.0,0.01,0.6,2.23,0,0,0,0,0,0,0,0,0,1,0,0,0,0,0,0,0,1
10982,0,189.32,0.98,0.0,0.0,0.0,0.0,0.0,0.0,0.0,0.0,0.0,0.36,0.0,0.05,0.0,0.0,0.01,0.58,2.3,0,0,0,0,0,0,0,0,0,1,0,0,0,0,0,0,0,1
10983,0,189.34,0.98,0.0,0.0,0.0,0.0,0.0,0.0,0.0,0.0,0.0,0.36,0.0,0.05,0.0,0.0,0.0,0.6,2.36,0,0,0,0,0,0,0,0,0,1,0,0,0,0,0,0,0,1
10984,0,189.36,0.98,0.0,0.0,0.0,0.0,0.0,0.0,0.0,0.0,0.0,0.39,0.0,0.1,0.0,0.0,0.0,0.61,2.43,0,0,0,0,0,0,0,0,0,1,0,0,0,0,0,0,0,1
10985,0,189.37,0.98,0.0,0.0,0.0,0.0,0.0,0.0,0.0,0.0,0.0,0.42,0.0,0.08,0.0,0.0,0.0,0.61,2.49,0,0,0,0,0,0,0,0,0,1,0,0,0,0,0,0,0,1
10986,0,189.39,0.98,0.0,0.0,0.0,0.0,0.0,0.0,0.0,0.0,0.0,0.43,0.0,0.13,0.0,0.0,0.0,0.63,2.67,0,0,0,0,0,0,0,0,0,1,0,0,0,0,0,0,0,1
10987,0,189.41,0.98,0.0,0.0,0.0,0.0,0.0,0.0,0.0,0.0,0.0,0.41,0.0,0.07,0.0,0.0,0.0,0.61,2.72,0,0,0,0,0,0,0,0,0,1,0,0,0,0,0,0,0,1
10988,0,189.43,0.98,0.0,0.0,0.0,0.0,0.0,0.0,0.0,0.0,0.0,0.36,0.0,0.05,0.0,0.0,0.0,0.57,2.73,0,0,0,0,0,0,0,0,0,1,0,0,0,0,0,0,0,1
10989,0,189.44,0.98,0.0,0.0,0.0,0.0,0.0,0.0,0.0,0.0,0.0,0.29,0.0,0.0,0.0,0.0,0.0,0.52,2.74,0,0,0,0,0,0,0,0,0,1,0,0,0,0,0,0,0,1
10990,0,189.46,0.98,0.0,0.0,0.0,0.0,0.0,0.0,0.0,0.0,0.0,0.3,0.0,0.0,0.0,0.0,0.0,0.56,2.75,0,0,0,0,0,0,0,0,0,1,0,0,0,0,0,0,0,1
10991,0,189.48,0.98,0.0,0.0,0.0,0.0,0.0,0.0,0.0,0.0,0.0,0.35,0.0,0.0,0.0,0.0,0.0,0.56,2.76,0,0,0,0,0,0,0,0,0,1,0,0,0,0,0,0,0,1
10992,0,189.49,0.98,0.0,0.0,0.0,0.0,0.0,0.0,0.0,0.0,0.0,0.37,0.0,0.01,0.0,0.0,0.0,0.51,2.68,0,0,0,0,0,0,0,0,0,1,0,0,0,0,0,0,0,1
10993,0,189.51,0.98,0.0,0.0,0.0,0.0,0.0,0.0,0.0,0.0,0.0,0.33,0.0,0.02,0.0,0.0,0.0,0.45,2.66,0,0,0,0,0,0,0,0,0,1,0,0,0,0,0,0,0,1
10994,0,189.53,0.98,0.0,0.0,0.0,0.0,0.0,0.0,0.0,0.0,0.0,0.33,0.0,0.03,0.0,0.0,0.0,0.43,2.62,0,0,0,0,0,0,0,0,0,1,0,0,0,0,0,0,0,1
10995,0,189.54,0.98,0.0,0.0,0.0,0.0,0.0,0.0,0.0,0.0,0.0,0.32,0.0,0.02,0.0,0.0,0.0,0.4,2.59,0,0,0,0,0,0,0,0,0,1,0,0,0,0,0,0,0,1
10996,0,189.56,0.98,0.0,0.0,0.0,0.0,0.0,0.0,0.0,0.0,0.0,0.34,0.0,0.01,0.0,0.0,0.0,0.39,2.6,0,0,0,0,0,0,0,0,0,1,0,0,0,0,0,0,0,1
10997,0,189.58,0.98,0.0,0.0,0.0,0.0,0.0,0.0,0.0,0.0,0.0,0.31,0.0,0.0,0.0,0.0,0.02,0.46,2.59,0,0,0,0,0,0,0,0,0,1,0,0,0,0,0,0,0,1
10998,0,189.6,0.98,0.0,0.0,0.0,0.0,0.0,0.0,0.0,0.0,0.0,0.35,0.0,0.0,0.0,0.0,0.07,0.56,2.68,0,0,0,0,0,0,0,0,0,1,0,0,0,0,0,0,0,1
10999,0,189.61,0.98,0.0,0.0,0.0,0.0,0.0,0.0,0.0,0.0,0.0,0.39,0.0,0.0,0.0,0.0,0.07,0.59,2.75,0,0,0,0,0,0,0,0,0,1,0,0,0,0,0,0,0,1
11000,0,189.63,0.98,0.0,0.0,0.0,0.0,0.0,0.0,0.0,0.0,0.0,0.41,0.0,0.0,0.0,0.0,0.05,0.46,2.82,0,0,0,0,0,0,0,0,0,1,0,0,0,0,0,0,0,1
11001,0,189.65,0.98,0.0,0.0,0.0,0.0,0.0,0.0,0.0,0.0,0.0,0.39,0.0,0.02,0.0,0.0,0.0,0.32,2.76,0,0,0,0,0,0,0,0,0,1,0,0,0,0,0,0,0,1
11002,0,189.67,0.98,0.0,0.0,0.0,0.0,0.0,0.0,0.0,0.0,0.0,0.39,0.0,0.02,0.0,0.0,0.0,0.27,2.73,0,0,0,0,0,0,0,0,0,1,0,0,0,0,0,0,0,1
11003,0,189.68,0.98,0.0,0.0,0.0,0.0,0.0,0.0,0.0,0.0,0.0,0.38,0.0,0.02,0.0,0.0,0.0,0.32,2.68,0,0,0,0,0,0,0,0,0,1,0,0,0,0,0,0,0,1
11004,0,189.7,0.98,0.0,0.0,0.0,0.0,0.0,0.0,0.0,0.0,0.0,0.36,0.0,0.0,0.0,0.0,0.0,0.38,2.73,0,0,0,0,0,0,0,0,0,1,0,0,0,0,0,0,0,1
11005,0,189.72,0.98,0.0,0.0,0.0,0.0,0.0,0.0,0.0,0.0,0.0,0.3,0.0,0.0,0.0,0.0,0.0,0.35,2.78,0,0,0,0,0,0,0,0,0,1,0,0,0,0,0,0,0,1
11006,0,189.74,0.98,0.0,0.0,0.0,0.0,0.0,0.0,0.0,0.0,0.0,0.27,0.0,0.01,0.0,0.0,0.0,0.27,2.92,0,0,0,0,0,0,0,0,0,1,0,0,0,0,0,0,0,1
11007,0,189.75,0.98,0.0,0.0,0.0,0.0,0.0,0.0,0.0,0.0,0.0,0.23,0.0,0.05,0.0,0.0,0.02,0.19,3.0,0,0,0,0,0,0,0,0,0,1,0,0,0,0,0,0,0,1
11008,0,189.77,0.98,0.0,0.0,0.0,0.0,0.0,0.0,0.0,0.0,0.0,0.21,0.0,0.05,0.0,0.0,0.02,0.16,3.02,0,0,0,0,0,0,0,0,0,1,0,0,0,0,0,0,0,1
11009,0,189.79,0.98,0.0,0.0,0.0,0.0,0.0,0.0,0.0,0.0,0.0,0.17,0.0,0.04,0.0,0.0,0.07,0.12,2.98,0,0,0,0,0,0,0,0,0,1,0,0,0,0,0,0,0,1
11010,0,189.8,0.98,0.0,0.0,0.0,0.0,0.0,0.0,0.0,0.0,0.0,0.22,0.0,0.0,0.0,0.0,0.17,0.14,2.99,0,0,0,0,0,0,0,0,0,1,0,0,0,0,0,0,0,1
11011,0,189.82,0.98,0.0,0.0,0.0,0.0,0.0,0.0,0.0,0.0,0.0,0.27,0.0,0.01,0.0,0.0,0.29,0.1,2.98,0,0,0,0,0,0,0,0,0,1,0,0,0,0,0,0,0,1
11012,0,189.84,0.98,0.0,0.0,0.0,0.0,0.0,0.0,0.0,0.0,0.0,0.32,0.0,0.02,0.0,0.0,0.37,0.12,3.01,0,0,0,0,0,0,0,0,0,1,0,0,0,0,0,0,0,1
11013,0,189.86,0.98,0.0,0.0,0.0,0.0,0.0,0.0,0.0,0.0,0.0,0.27,0.0,0.02,0.0,0.0,0.38,0.07,2.97,0,0,0,0,0,0,0,0,0,0,0,0,0,0,0,0,0,1
11014,0,189.87,0.98,0.0,0.0,0.0,0.0,0.0,0.0,0.0,0.0,0.0,0.17,0.0,0.02,0.0,0.0,0.34,0.12,2.91,0,0,0,0,0,0,0,0,0,1,0,0,0,0,0,0,0,1
11015,0,189.89,0.98,0.0,0.0,0.0,0.0,0.0,0.0,0.0,0.0,0.0,0.14,0.0,0.05,0.0,0.0,0.29,0.18,2.63,0,0,0,0,0,0,0,0,0,0,0,0,0,0,0,0,0,1
11016,0,189.91,0.98,0.0,0.0,0.0,0.0,0.0,0.0,0.04,0.0,0.0,0.2,0.0,0.14,0.0,0.0,0.18,0.3,2.1,0,0,0,0,0,0,0,0,0,0,0,0,0,0,0,0,0,1
11017,0,189.92,0.98,0.0,0.0,0.0,0.0,0.0,0.0,0.04,0.0,0.0,0.22,0.0,0.19,0.0,0.0,0.09,0.3,1.37,0,0,0,0,0,0,0,0,0,0,0,0,0,0,0,0,0,1
11018,0,189.94,0.98,0.0,0.0,0.0,0.0,0.0,0.0,0.04,0.0,0.0,0.16,0.0,0.17,0.0,0.0,0.05,0.31,0.73,0,0,0,0,0,0,0,0,0,0,0,0,0,0,0,0,0,1
11019,0,189.96,0.98,0.0,0.0,0.0,0.0,0.0,0.0,0.0,0.0,0.0,0.05,0.0,0.09,0.0,0.0,0.1,0.28,0.31,0,0,0,0,0,0,0,0,0,0,0,0,0,0,0,0,0,1
11020,0,189.98,0.98,0.0,0.0,0.0,0.0,0.0,0.0,0.0,0.0,0.0,0.01,0.0,0.07,0.0,0.0,0.19,0.31,0.11,0,0,0,0,0,0,0,0,0,0,0,0,0,0,0,0,0,1
11021,0,189.99,0.98,0.0,0.0,0.0,0.0,0.0,0.0,0.0,0.0,0.0,0.01,0.0,0.06,0.0,0.0,0.26,0.32,0.03,0,0,0,0,0,0,0,0,0,0,0,0,0,0,0,0,0,0
11022,0,190.01,0.98,0.0,0.0,0.0,0.0,0.0,0.0,0.0,0.0,0.0,0.0,0.0,0.04,0.0,0.0,0.31,0.34,0.0,0,0,0,1,0,0,0,0,0,0,0,0,0,0,0,0,0,0
11023,0,190.03,0.98,0.0,0.0,0.0,0.0,0.0,0.0,0.0,0.0,0.0,0.0,0.0,0.01,0.0,0.0,0.34,0.39,0.0,0,0,0,1,0,0,0,0,0,0,0,0,0,0,0,0,0,0
11024,0,190.04,0.98,0.0,0.0,0.0,0.0,0.0,0.0,0.0,0.0,0.0,0.0,0.0,0.01,0.0,0.0,0.39,0.42,0.0,0,0,0,1,0,0,0,0,0,0,0,0,0,0,0,0,0,0
11025,0,190.06,0.98,0.0,0.0,0.0,0.0,0.0,0.0,0.0,0.0,0.0,0.0,0.0,0.01,0.0,0.0,0.41,0.46,0.0,0,0,0,1,0,0,0,0,0,0,0,0,0,0,0,0,0,0
11026,0,190.08,0.98,0.0,0.0,0.0,0.0,0.0,0.0,0.0,0.0,0.0,0.0,0.0,0.0,0.0,0.0,0.32,0.44,0.0,0,0,0,1,0,0,0,0,0,0,0,0,0,0,0,0,0,0
11027,0,190.1,0.98,0.0,0.0,0.0,0.0,0.0,0.0,0.0,0.0,0.0,0.0,0.0,0.06,0.0,0.0,0.2,0.42,0.0,0,0,0,1,0,0,0,0,0,0,0,0,0,0,0,0,0,0
11028,0,190.11,0.98,0.0,0.0,0.0,0.0,0.0,0.0,0.0,0.0,0.0,0.0,0.0,0.12,0.0,0.0,0.13,0.39,0.0,0,0,0,1,0,0,0,0,0,0,0,0,0,0,0,0,0,0
11029,0,190.13,0.98,0.0,0.0,0.0,0.0,0.0,0.0,0.0,0.0,0.0,0.0,0.0,0.2,0.0,0.0,0.16,0.37,0.0,0,0,0,1,0,0,0,0,0,0,0,0,0,0,0,0,0,0
11030,0,190.15,0.98,0.0,0.0,0.0,0.0,0.0,0.0,0.0,0.0,0.0,0.02,0.0,0.19,0.0,0.0,0.13,0.35,0.0,0,0,0,1,0,0,0,0,0,0,0,0,0,0,0,0,0,0
11031,0,190.17,0.98,0.0,0.0,0.0,0.0,0.0,0.0,0.0,0.0,0.0,0.06,0.0,0.19,0.0,0.0,0.11,0.32,0.0,0,0,0,1,0,0,0,0,0,0,0,0,0,0,0,0,0,0
11032,0,190.18,0.98,0.0,0.0,0.0,0.0,0.0,0.0,0.0,0.0,0.0,0.07,0.0,0.16,0.0,0.0,0.06,0.31,0.0,0,0,0,1,0,0,0,0,0,0,0,0,0,0,0,0,0,0
11033,0,190.2,0.98,0.0,0.0,0.0,0.0,0.0,0.0,0.0,0.0,0.0,0.06,0.0,0.17,0.0,0.0,0.07,0.33,0.0,0,0,0,1,0,0,0,0,0,0,0,0,0,0,0,0,0,0
11034,0,190.22,0.98,0.0,0.0,0.0,0.0,0.0,0.0,0.0,0.0,0.0,0.01,0.0,0.22,0.0,0.0,0.07,0.35,0.0,0,0,0,1,0,0,0,0,0,0,0,0,0,0,0,0,0,0
11035,0,190.24,0.98,0.0,0.0,0.0,0.0,0.0,0.0,0.0,0.0,0.0,0.01,0.0,0.24,0.0,0.0,0.14,0.39,0.0,0,0,0,1,0,0,0,0,0,0,0,0,0,0,0,0,0,0
11036,0,190.25,0.98,0.0,0.0,0.0,0.0,0.0,0.0,0.0,0.0,0.0,0.06,0.0,0.22,0.0,0.0,0.17,0.35,0.0,0,0,0,1,0,0,0,0,0,0,0,0,0,0,0,0,0,0
11037,0,190.27,0.98,0.0,0.0,0.0,0.0,0.0,0.0,0.0,0.0,0.0,0.09,0.0,0.18,0.0,0.0,0.18,0.31,0.0,0,0,0,1,0,0,0,0,0,0,0,0,0,0,0,0,0,0
11038,0,190.29,0.98,0.0,0.0,0.0,0.0,0.0,0.0,0.0,0.0,0.0,0.15,0.0,0.16,0.0,0.0,0.14,0.28,0.0,0,0,0,1,0,0,0,0,0,0,0,0,0,0,0,0,0,0
11039,0,190.3,0.98,0.0,0.0,0.0,0.0,0.0,0.0,0.0,0.0,0.0,0.12,0.0,0.17,0.0,0.0,0.19,0.3,0.0,0,0,0,1,0,0,0,0,0,0,0,0,0,0,0,0,0,0
11040,0,190.32,0.98,0.0,0.0,0.0,0.0,0.0,0.0,0.0,0.0,0.0,0.12,0.0,0.17,0.0,0.0,0.18,0.34,0.0,0,0,0,1,0,0,0,0,0,0,0,0,0,0,0,0,0,0
11041,0,190.34,0.98,0.0,0.0,0.0,0.0,0.0,0.0,0.0,0.0,0.0,0.06,0.0,0.21,0.0,0.0,0.16,0.35,0.0,0,0,0,1,0,0,0,0,0,0,0,0,0,0,0,0,0,0
11042,0,190.36,0.98,0.0,0.0,0.0,0.0,0.0,0.0,0.0,0.0,0.0,0.04,0.0,0.22,0.0,0.0,0.16,0.39,0.0,0,0,0,1,0,0,0,0,0,0,0,0,0,0,0,0,0,0
11043,0,190.37,0.98,0.0,0.0,0.0,0.0,0.0,0.0,0.0,0.0,0.0,0.0,0.0,0.22,0.0,0.0,0.19,0.39,0.0,0,0,0,1,0,0,0,0,0,0,0,0,0,0,0,0,0,0
11044,0,190.39,0.98,0.0,0.0,0.0,0.0,0.0,0.0,0.0,0.0,0.0,0.0,0.0,0.2,0.0,0.0,0.24,0.35,0.0,0,0,0,1,0,0,0,0,0,0,0,0,0,0,0,0,0,0
11045,0,190.41,0.98,0.0,0.0,0.0,0.0,0.0,0.0,0.0,0.0,0.0,0.0,0.0,0.22,0.0,0.0,0.26,0.36,0.0,0,0,0,1,0,0,0,0,0,0,0,0,0,0,0,0,0,0
11046,0,190.42,0.98,0.0,0.0,0.0,0.0,0.0,0.0,0.0,0.0,0.0,0.03,0.0,0.25,0.0,0.0,0.3,0.35,0.0,0,0,0,1,0,0,0,0,0,0,0,0,0,0,0,0,0,0
11047,0,190.44,0.98,0.0,0.0,0.0,0.0,0.0,0.0,0.0,0.0,0.0,0.06,0.0,0.24,0.0,0.0,0.3,0.38,0.0,0,0,0,1,0,0,0,0,0,0,0,0,0,0,0,0,0,0
11048,0,190.46,0.98,0.0,0.0,0.0,0.0,0.0,0.0,0.0,0.0,0.0,0.05,0.0,0.22,0.0,0.0,0.31,0.32,0.0,0,0,0,1,0,0,0,0,0,0,0,0,0,0,0,0,0,0
11049,0,190.48,0.98,0.0,0.0,0.0,0.0,0.0,0.0,0.01,0.0,0.0,0.02,0.0,0.15,0.0,0.0,0.3,0.35,0.0,0,0,0,1,0,0,0,0,0,0,0,0,0,0,0,0,0,0
11050,0,190.49,0.98,0.0,0.0,0.0,0.0,0.0,0.0,0.01,0.0,0.0,0.0,0.0,0.1,0.0,0.0,0.34,0.37,0.0,0,0,0,1,0,0,0,0,0,0,0,0,0,0,0,0,0,0
11051,0,190.51,0.98,0.0,0.0,0.0,0.0,0.0,0.0,0.04,0.0,0.0,0.0,0.0,0.08,0.0,0.0,0.37,0.38,0.0,0,0,0,1,0,0,0,0,0,0,0,0,0,0,0,0,0,0
11052,0,190.53,0.98,0.0,0.0,0.0,0.0,0.0,0.0,0.03,0.0,0.0,0.0,0.0,0.13,0.0,0.0,0.41,0.3,0.0,0,0,0,1,0,0,0,0,0,0,0,0,0,0,0,0,0,0
11053,0,190.54,0.98,0.0,0.0,0.0,0.0,0.0,0.0,0.03,0.0,0.0,0.0,0.0,0.2,0.0,0.0,0.45,0.27,0.0,0,0,0,1,0,0,0,0,0,0,0,0,0,0,0,0,0,0
11054,0,190.56,0.98,0.0,0.0,0.0,0.0,0.0,0.0,0.01,0.0,0.0,0.0,0.0,0.22,0.0,0.0,0.44,0.29,0.0,0,0,0,1,0,0,0,0,0,0,0,0,0,0,0,0,0,0
11055,0,190.58,0.98,0.0,0.0,0.0,0.0,0.0,0.0,0.01,0.0,0.0,0.0,0.0,0.22,0.0,0.0,0.46,0.27,0.0,0,0,0,1,0,0,0,0,0,0,0,0,0,0,0,0,0,0
11056,0,190.6,0.98,0.0,0.0,0.0,0.0,0.0,0.0,0.01,0.0,0.0,0.0,0.01,0.21,0.0,0.0,0.42,0.2,0.0,0,0,0,1,0,0,0,0,0,0,0,0,0,0,0,0,0,0
11057,0,190.61,0.98,0.0,0.0,0.0,0.0,0.0,0.0,0.0,0.0,0.0,0.0,0.01,0.24,0.0,0.0,0.42,0.15,0.0,0,0,0,1,0,0,0,0,0,0,0,0,0,0,0,0,0,0
11058,0,190.63,0.98,0.0,0.0,0.0,0.0,0.0,0.0,0.0,0.0,0.0,0.0,0.01,0.25,0.0,0.0,0.43,0.16,0.0,0,0,0,1,0,0,0,0,0,0,0,0,0,0,0,0,0,0
11059,0,190.65,0.98,0.0,0.0,0.0,0.0,0.0,0.0,0.0,0.0,0.0,0.0,0.0,0.27,0.0,0.0,0.45,0.22,0.0,0,0,0,1,0,0,0,0,0,0,0,0,0,0,0,0,0,0
11060,0,190.67,0.98,0.0,0.0,0.0,0.0,0.0,0.0,0.0,0.0,0.0,0.0,0.0,0.25,0.0,0.0,0.48,0.23,0.0,0,0,0,1,0,0,0,0,0,0,0,0,0,0,0,0,0,0
11061,0,190.68,0.98,0.0,0.0,0.0,0.0,0.0,0.0,0.0,0.0,0.0,0.0,0.0,0.25,0.0,0.0,0.47,0.26,0.0,0,0,0,1,0,0,0,0,0,0,0,0,0,0,0,0,0,0
11062,0,190.7,0.98,0.0,0.0,0.0,0.0,0.0,0.0,0.0,0.0,0.0,0.0,0.0,0.26,0.0,0.0,0.43,0.23,0.0,0,0,0,1,0,0,0,0,0,0,0,0,0,0,0,0,0,0
11063,0,190.72,0.98,0.0,0.0,0.0,0.0,0.0,0.0,0.0,0.0,0.0,0.0,0.0,0.27,0.0,0.0,0.42,0.25,0.0,0,0,0,1,0,0,0,0,0,0,0,0,0,0,0,0,0,0
11064,0,190.74,0.98,0.0,0.0,0.0,0.0,0.0,0.0,0.0,0.0,0.0,0.0,0.0,0.29,0.0,0.0,0.41,0.25,0.0,0,0,0,1,0,0,0,0,0,0,0,0,0,0,0,0,0,0
11065,0,190.75,0.98,0.0,0.0,0.0,0.0,0.0,0.0,0.01,0.0,0.0,0.0,0.0,0.27,0.0,0.0,0.47,0.26,0.0,0,0,0,1,0,0,0,0,0,0,0,0,0,0,0,0,0,0
11066,0,190.77,0.98,0.0,0.0,0.0,0.0,0.0,0.0,0.01,0.0,0.0,0.0,0.0,0.29,0.0,0.0,0.46,0.26,0.0,0,0,0,1,0,0,0,0,0,0,0,0,0,0,0,0,0,0
11067,0,190.79,0.98,0.0,0.0,0.0,0.0,0.0,0.0,0.01,0.0,0.0,0.0,0.0,0.31,0.0,0.0,0.47,0.26,0.0,0,0,0,1,0,0,0,0,0,0,0,0,0,0,0,0,0,0
11068,0,190.8,0.98,0.0,0.0,0.0,0.0,0.0,0.0,0.0,0.0,0.0,0.0,0.0,0.39,0.0,0.0,0.47,0.29,0.0,0,0,0,1,0,0,0,0,0,0,0,0,0,0,0,0,0,0
11069,0,190.82,0.98,0.0,0.0,0.0,0.0,0.0,0.0,0.01,0.0,0.0,0.0,0.0,0.39,0.0,0.0,0.5,0.29,0.0,0,0,0,1,0,0,0,0,0,0,0,0,0,0,0,0,0,0
11070,0,190.84,0.98,0.0,0.0,0.0,0.0,0.0,0.0,0.03,0.0,0.0,0.0,0.0,0.38,0.0,0.0,0.53,0.26,0.0,0,0,0,1,0,0,0,0,0,0,0,0,0,0,0,0,0,0
11071,0,190.85,0.98,0.0,0.0,0.0,0.0,0.0,0.0,0.05,0.0,0.0,0.0,0.0,0.31,0.0,0.0,0.55,0.22,0.0,0,0,0,1,0,0,0,0,0,0,0,0,0,0,0,0,0,0
11072,0,190.87,0.98,0.0,0.0,0.0,0.0,0.0,0.0,0.07,0.0,0.0,0.0,0.0,0.29,0.0,0.0,0.53,0.27,0.0,0,0,0,1,0,0,0,0,0,0,0,0,0,0,0,0,0,0
11073,0,190.89,0.98,0.0,0.0,0.0,0.0,0.0,0.0,0.06,0.0,0.0,0.0,0.0,0.3,0.0,0.0,0.52,0.34,0.0,0,0,0,1,0,0,0,0,0,0,0,0,0,0,0,0,0,0
11074,0,190.91,0.98,0.0,0.0,0.0,0.0,0.0,0.0,0.05,0.0,0.0,0.0,0.0,0.27,0.0,0.0,0.54,0.39,0.0,0,0,0,1,0,0,0,0,0,0,0,0,0,0,0,0,0,0
11075,0,190.92,0.98,0.0,0.0,0.0,0.0,0.0,0.0,0.04,0.0,0.0,0.0,0.0,0.25,0.0,0.0,0.64,0.38,0.0,0,0,0,1,0,0,0,0,0,0,0,0,0,0,0,0,0,0
11076,0,190.94,0.98,0.0,0.0,0.0,0.0,0.0,0.0,0.04,0.0,0.0,0.0,0.0,0.25,0.0,0.0,0.69,0.38,0.0,0,0,0,1,0,0,0,0,0,0,0,0,0,0,0,0,0,0
11077,0,190.96,0.98,0.0,0.0,0.0,0.0,0.0,0.0,0.03,0.0,0.0,0.0,0.0,0.24,0.0,0.0,0.69,0.36,0.0,0,0,0,1,0,0,0,0,0,0,0,0,0,0,0,0,0,0
11078,0,190.98,0.98,0.0,0.0,0.0,0.0,0.0,0.0,0.01,0.0,0.0,0.0,0.0,0.27,0.0,0.0,0.62,0.33,0.0,0,0,0,1,0,0,0,0,0,0,0,0,0,0,0,0,0,0
11079,0,190.99,0.98,0.0,0.0,0.0,0.0,0.0,0.0,0.0,0.0,0.0,0.0,0.0,0.28,0.0,0.0,0.57,0.21,0.0,0,0,0,1,0,0,0,0,0,0,0,0,0,0,0,0,0,0
11080,0,191.01,0.98,0.0,0.0,0.0,0.0,0.0,0.0,0.03,0.0,0.0,0.0,0.0,0.34,0.0,0.0,0.51,0.2,0.0,0,0,0,1,0,0,0,0,0,0,0,0,0,0,0,0,0,0
11081,0,191.03,0.98,0.0,0.0,0.0,0.0,0.0,0.0,0.03,0.0,0.0,0.0,0.0,0.34,0.0,0.0,0.46,0.19,0.0,0,0,0,1,0,0,0,0,0,0,0,0,0,0,0,0,0,0
11082,0,191.04,0.98,0.0,0.0,0.0,0.0,0.0,0.0,0.03,0.0,0.0,0.0,0.0,0.3,0.0,0.0,0.52,0.23,0.0,0,0,0,1,0,0,0,0,0,0,0,0,0,0,0,0,0,0
11083,0,191.06,0.98,0.0,0.0,0.0,0.0,0.0,0.0,0.0,0.0,0.0,0.0,0.0,0.23,0.0,0.0,0.57,0.25,0.0,0,0,0,1,0,0,0,0,0,0,0,0,0,0,0,0,0,0
11084,0,191.08,0.98,0.0,0.0,0.0,0.0,0.0,0.0,0.0,0.0,0.0,0.0,0.0,0.25,0.0,0.0,0.61,0.29,0.0,0,0,0,1,0,0,0,0,0,0,0,0,0,0,0,0,0,0
11085,0,191.1,0.98,0.0,0.0,0.0,0.0,0.0,0.0,0.01,0.0,0.0,0.0,0.0,0.33,0.0,0.0,0.56,0.27,0.0,0,0,0,1,0,0,0,0,0,0,0,0,0,0,0,0,0,0
11086,0,191.11,0.98,0.0,0.0,0.0,0.0,0.0,0.0,0.02,0.0,0.0,0.0,0.0,0.41,0.0,0.0,0.55,0.18,0.0,0,0,0,1,0,0,0,0,0,0,0,0,0,0,0,0,0,0
11087,0,191.13,0.98,0.0,0.0,0.0,0.0,0.0,0.0,0.02,0.0,0.0,0.0,0.0,0.42,0.0,0.0,0.59,0.07,0.0,0,0,0,1,0,0,0,0,0,0,0,0,0,0,0,0,0,0
11088,0,191.15,0.98,0.0,0.0,0.0,0.0,0.0,0.0,0.01,0.0,0.0,0.0,0.0,0.48,0.0,0.0,0.62,0.03,0.0,0,0,0,1,0,0,0,0,0,0,0,0,0,0,0,0,0,0
11089,0,191.17,0.98,0.0,0.0,0.0,0.0,0.0,0.0,0.01,0.0,0.0,0.0,0.0,0.5,0.0,0.0,0.61,0.07,0.0,0,0,0,1,0,0,0,0,0,0,0,0,0,0,0,0,0,0
11090,0,191.18,0.98,0.0,0.0,0.0,0.0,0.0,0.0,0.02,0.0,0.0,0.0,0.0,0.51,0.0,0.0,0.6,0.12,0.0,0,0,0,1,0,0,0,0,0,0,0,0,0,0,0,0,0,0
11091,0,191.2,0.98,0.0,0.0,0.0,0.0,0.0,0.0,0.06,0.0,0.0,0.0,0.0,0.45,0.0,0.0,0.6,0.17,0.0,0,0,0,1,0,0,0,0,0,0,0,0,0,0,0,0,0,0
11092,0,191.22,0.98,0.0,0.0,0.0,0.0,0.0,0.0,0.06,0.0,0.0,0.0,0.0,0.43,0.0,0.0,0.66,0.18,0.0,0,0,0,1,0,0,0,0,0,0,0,0,0,0,0,0,0,0
11093,0,191.24,0.98,0.0,0.0,0.0,0.0,0.0,0.0,0.05,0.0,0.0,0.0,0.0,0.42,0.0,0.0,0.64,0.16,0.0,0,0,0,1,0,0,0,0,0,0,0,0,0,0,0,0,0,0
11094,0,191.25,0.98,0.0,0.0,0.0,0.0,0.0,0.0,0.04,0.0,0.0,0.0,0.0,0.43,0.0,0.0,0.63,0.18,0.0,0,0,0,1,0,0,0,0,0,0,0,0,0,0,0,0,0,0
11095,0,191.27,0.98,0.0,0.0,0.0,0.0,0.0,0.0,0.04,0.0,0.0,0.0,0.0,0.42,0.0,0.0,0.61,0.25,0.0,0,0,0,1,0,0,0,0,0,0,0,0,0,0,0,0,0,0
11096,0,191.29,0.98,0.0,0.0,0.0,0.0,0.0,0.0,0.07,0.0,0.0,0.0,0.0,0.41,0.0,0.0,0.58,0.33,0.0,0,0,0,1,0,0,0,0,0,0,0,0,0,0,0,0,0,0
11097,0,191.3,0.98,0.0,0.0,0.0,0.0,0.0,0.0,0.08,0.0,0.0,0.0,0.0,0.4,0.0,0.0,0.61,0.38,0.0,0,0,0,1,0,0,0,0,0,0,0,0,0,0,0,0,0,0
11098,0,191.32,0.98,0.0,0.0,0.0,0.0,0.0,0.0,0.07,0.0,0.0,0.0,0.0,0.45,0.0,0.0,0.59,0.37,0.0,0,0,0,1,0,0,0,0,0,0,0,0,0,0,0,0,0,0
11099,0,191.34,0.98,0.0,0.0,0.0,0.0,0.0,0.0,0.06,0.0,0.0,0.0,0.0,0.49,0.0,0.0,0.62,0.3,0.0,0,0,0,1,0,0,0,0,0,0,0,0,0,0,0,0,0,0
11100,0,191.35,0.98,0.0,0.0,0.0,0.0,0.0,0.0,0.02,0.0,0.0,0.0,0.03,0.53,0.0,0.0,0.59,0.3,0.0,0,0,0,1,0,0,0,0,0,0,0,0,0,0,0,0,0,0
11101,0,191.37,0.98,0.0,0.0,0.0,0.0,0.0,0.0,0.04,0.0,0.0,0.0,0.03,0.53,0.0,0.0,0.62,0.32,0.0,0,0,0,1,0,0,0,0,0,0,0,0,0,0,0,0,0,0
11102,0,191.39,0.98,0.0,0.0,0.0,0.0,0.0,0.0,0.02,0.0,0.0,0.0,0.08,0.55,0.0,0.0,0.63,0.38,0.0,0,0,0,1,0,0,0,0,0,0,0,0,0,0,0,0,0,0
11103,0,191.41,0.98,0.0,0.0,0.0,0.0,0.0,0.0,0.02,0.0,0.0,0.0,0.08,0.59,0.0,0.0,0.61,0.29,0.0,0,0,0,1,0,0,0,0,0,0,0,0,0,0,0,0,0,0
11104,0,191.42,0.98,0.0,0.0,0.0,0.0,0.0,0.0,0.0,0.0,0.0,0.0,0.09,0.65,0.0,0.0,0.53,0.22,0.0,0,0,0,1,0,0,0,0,0,0,0,0,0,0,0,0,0,0
11105,0,191.44,0.98,0.0,0.0,0.0,0.0,0.0,0.0,0.0,0.0,0.0,0.0,0.07,0.71,0.0,0.0,0.53,0.23,0.0,0,0,0,1,0,0,0,0,0,0,0,0,0,0,0,0,0,0
11106,0,191.46,0.98,0.0,0.0,0.0,0.0,0.0,0.0,0.02,0.0,0.0,0.0,0.09,0.72,0.0,0.0,0.53,0.34,0.0,0,0,0,1,0,0,0,0,0,0,0,0,0,0,0,0,0,0
11107,0,191.48,0.98,0.0,0.0,0.0,0.0,0.0,0.0,0.02,0.0,0.0,0.0,0.13,0.75,0.0,0.0,0.58,0.38,0.0,0,0,0,1,0,0,0,0,0,0,0,0,0,0,0,0,0,0
11108,0,191.49,0.98,0.0,0.0,0.0,0.0,0.0,0.0,0.05,0.0,0.0,0.0,0.14,0.76,0.0,0.0,0.56,0.34,0.0,0,0,0,1,0,0,0,0,0,0,0,0,0,0,0,0,0,0
11109,0,191.51,0.98,0.0,0.0,0.0,0.0,0.0,0.0,0.03,0.0,0.0,0.0,0.11,0.72,0.0,0.0,0.56,0.25,0.0,0,0,0,1,0,0,0,0,0,0,0,0,0,0,0,0,0,0
11110,0,191.53,0.98,0.0,0.0,0.0,0.0,0.0,0.0,0.03,0.0,0.0,0.0,0.13,0.69,0.0,0.0,0.57,0.22,0.0,0,0,0,1,0,0,0,0,0,0,0,0,0,0,0,0,0,0
11111,0,191.54,0.98,0.0,0.0,0.0,0.0,0.0,0.0,0.02,0.0,0.0,0.0,0.09,0.6,0.0,0.0,0.54,0.22,0.0,0,0,0,1,0,0,0,0,0,0,0,0,0,0,0,0,0,0
11112,0,191.56,0.98,0.0,0.0,0.0,0.0,0.0,0.0,0.05,0.0,0.0,0.0,0.07,0.53,0.0,0.0,0.63,0.23,0.0,0,0,0,1,0,0,0,0,0,0,0,0,0,0,0,0,0,0
11113,0,191.58,0.98,0.0,0.0,0.0,0.0,0.0,0.0,0.09,0.0,0.0,0.0,0.0,0.48,0.0,0.0,0.65,0.22,0.0,0,0,0,1,0,0,0,0,0,0,0,0,0,0,0,0,0,0
11114,0,191.6,0.98,0.0,0.0,0.0,0.0,0.0,0.0,0.11,0.0,0.0,0.0,0.02,0.47,0.0,0.0,0.72,0.2,0.0,0,0,0,1,0,0,0,0,0,0,0,0,0,0,0,0,0,0
11115,0,191.61,0.98,0.0,0.0,0.0,0.0,0.0,0.0,0.14,0.0,0.0,0.0,0.04,0.47,0.0,0.0,0.74,0.2,0.0,0,0,0,1,0,0,0,0,0,0,0,0,0,0,0,0,0,0
11116,0,191.63,0.98,0.0,0.0,0.0,0.0,0.0,0.0,0.18,0.0,0.0,0.0,0.07,0.44,0.0,0.0,0.72,0.18,0.0,0,0,0,1,0,0,0,0,0,0,0,0,0,0,0,0,0,0
11117,0,191.65,0.98,0.0,0.0,0.0,0.0,0.0,0.0,0.2,0.0,0.0,0.0,0.07,0.44,0.0,0.0,0.71,0.15,0.0,0,0,0,1,0,0,0,0,0,0,0,0,0,0,0,0,0,0
11118,0,191.67,0.98,0.0,0.0,0.0,0.0,0.0,0.0,0.21,0.0,0.0,0.0,0.07,0.44,0.0,0.0,0.69,0.11,0.0,0,0,0,1,0,0,0,0,0,0,0,0,0,0,0,0,0,0
11119,0,191.68,0.98,0.0,0.0,0.0,0.0,0.0,0.0,0.25,0.0,0.0,0.0,0.05,0.46,0.0,0.0,0.7,0.06,0.0,0,0,0,1,0,0,0,0,0,0,0,0,0,0,0,0,0,0
11120,0,191.7,0.98,0.0,0.0,0.0,0.0,0.0,0.0,0.27,0.0,0.0,0.0,0.07,0.54,0.0,0.0,0.64,0.02,0.0,0,0,0,1,0,0,0,0,0,0,0,0,0,0,0,0,0,0
11121,0,191.72,0.98,0.0,0.0,0.0,0.0,0.0,0.0,0.25,0.0,0.0,0.0,0.07,0.55,0.0,0.0,0.6,0.02,0.0,0,0,0,1,0,0,0,0,0,0,0,0,0,0,0,0,0,0
11122,0,191.74,0.98,0.0,0.0,0.0,0.0,0.0,0.0,0.19,0.0,0.0,0.0,0.1,0.53,0.0,0.0,0.54,0.02,0.0,0,0,0,1,0,0,0,0,0,0,0,0,0,0,0,0,0,0
11123,0,191.75,0.98,0.0,0.0,0.0,0.0,0.0,0.0,0.13,0.0,0.0,0.0,0.13,0.44,0.0,0.0,0.52,0.07,0.0,0,0,0,1,0,0,0,0,0,0,0,0,0,0,0,0,0,0
11124,0,191.77,0.98,0.0,0.0,0.0,0.0,0.0,0.0,0.11,0.0,0.0,0.0,0.14,0.43,0.0,0.0,0.49,0.09,0.0,0,0,0,1,0,0,0,0,0,0,0,0,0,0,0,0,0,0
11125,0,191.79,0.98,0.0,0.0,0.0,0.0,0.0,0.0,0.1,0.0,0.0,0.0,0.09,0.4,0.0,0.0,0.55,0.21,0.0,0,0,0,1,0,0,0,0,0,0,0,0,0,0,0,0,0,0
11126,0,191.8,0.98,0.0,0.0,0.0,0.0,0.0,0.0,0.11,0.0,0.0,0.0,0.06,0.37,0.0,0.0,0.58,0.28,0.0,0,0,0,1,0,0,0,0,0,0,0,0,0,0,1,0,0,0
11127,0,191.82,0.98,0.0,0.0,0.0,0.0,0.0,0.0,0.16,0.0,0.0,0.0,0.03,0.36,0.0,0.0,0.56,0.35,0.0,0,0,0,1,0,0,0,0,0,0,0,0,0,0,1,0,0,0
11128,0,191.84,0.98,0.0,0.0,0.0,0.0,0.0,0.0,0.15,0.0,0.0,0.0,0.06,0.36,0.0,0.0,0.53,0.27,0.0,0,0,0,1,0,0,0,0,0,0,0,0,0,0,1,0,0,0
11129,0,191.85,0.98,0.0,0.0,0.0,0.0,0.0,0.0,0.16,0.0,0.0,0.03,0.03,0.34,0.0,0.0,0.53,0.21,0.0,0,0,0,0,0,0,0,0,0,0,0,0,0,0,1,0,0,0
11130,0,191.87,0.98,0.0,0.0,0.0,0.0,0.0,0.0,0.12,0.0,0.0,0.03,0.08,0.36,0.0,0.0,0.53,0.11,0.0,0,0,0,0,0,0,0,0,0,0,0,0,0,0,1,0,0,0
11131,0,191.89,0.98,0.0,0.0,0.0,0.0,0.0,0.0,0.1,0.0,0.0,0.03,0.13,0.41,0.0,0.0,0.53,0.14,0.0,0,0,0,0,0,0,0,0,0,0,0,0,0,0,1,0,0,0
11132,0,191.91,0.98,0.0,0.0,0.0,0.0,0.0,0.0,0.06,0.0,0.0,0.0,0.13,0.48,0.0,0.0,0.55,0.12,0.0,0,0,0,0,0,0,0,0,0,0,0,0,0,0,1,0,0,0
11133,0,191.92,0.98,0.0,0.0,0.0,0.0,0.0,0.0,0.07,0.0,0.0,0.0,0.1,0.51,0.0,0.0,0.59,0.21,0.05,0,0,0,0,0,0,0,0,0,0,0,0,0,0,1,0,0,0
11134,0,191.94,0.98,0.0,0.0,0.0,0.0,0.0,0.0,0.06,0.0,0.0,0.0,0.12,0.55,0.0,0.0,0.54,0.25,0.05,0,0,0,0,0,0,0,0,0,0,0,0,0,0,1,1,0,0
11135,0,191.96,0.98,0.0,0.0,0.0,0.0,0.0,0.0,0.04,0.0,0.0,0.0,0.18,0.6,0.0,0.0,0.48,0.34,0.05,0,0,0,0,0,0,0,0,0,0,0,0,0,0,1,1,0,0
11136,0,191.98,0.98,0.0,0.0,0.0,0.0,0.0,0.0,0.0,0.0,0.0,0.0,0.24,0.61,0.0,0.0,0.41,0.34,0.06,0,0,0,0,0,0,0,0,0,0,0,0,0,0,1,1,0,0
11137,0,191.99,0.98,0.0,0.0,0.0,0.0,0.0,0.0,0.0,0.0,0.0,0.0,0.23,0.61,0.0,0.0,0.34,0.36,0.06,0,0,0,0,0,0,0,0,0,0,0,0,0,0,1,1,0,0
11138,0,192.01,0.98,0.0,0.0,0.0,0.0,0.0,0.0,0.02,0.0,0.0,0.0,0.25,0.63,0.0,0.0,0.32,0.34,0.06,0,0,0,0,0,0,0,0,0,0,0,0,0,0,1,1,0,0
11139,0,192.03,0.98,0.0,0.0,0.0,0.0,0.0,0.0,0.05,0.0,0.0,0.0,0.22,0.72,0.0,0.0,0.32,0.37,0.13,0,0,0,0,0,0,0,0,0,0,0,0,0,0,1,1,0,1
11140,0,192.04,0.98,0.0,0.0,0.0,0.0,0.0,0.0,0.15,0.0,0.0,0.0,0.16,0.72,0.0,0.0,0.4,0.39,0.36,0,0,0,0,0,0,0,0,0,0,0,0,0,0,1,1,0,1
11141,0,192.06,0.98,0.0,0.0,0.0,0.0,0.0,0.0,0.19,0.0,0.0,0.0,0.08,0.69,0.0,0.0,0.46,0.48,0.62,0,0,0,0,0,0,0,0,0,0,0,0,0,0,1,1,0,1
11142,0,192.08,0.98,0.0,0.0,0.0,0.0,0.0,0.0,0.22,0.0,0.0,0.0,0.1,0.57,0.0,0.0,0.46,0.49,0.71,0,0,0,0,0,0,0,0,0,0,0,0,0,0,1,1,0,1
11143,0,192.1,0.98,0.0,0.0,0.0,0.0,0.0,0.0,0.19,0.0,0.0,0.0,0.08,0.5,0.0,0.0,0.51,0.52,0.66,0,0,0,0,0,0,0,0,0,0,0,0,0,0,1,1,0,1
11144,0,192.11,0.98,0.0,0.0,0.0,0.0,0.0,0.0,0.2,0.0,0.0,0.0,0.08,0.39,0.0,0.0,0.49,0.47,0.54,0,0,0,0,0,0,0,0,0,0,0,0,0,0,1,1,0,1
11145,0,192.13,0.98,0.0,0.0,0.0,0.0,0.0,0.0,0.22,0.0,0.0,0.0,0.07,0.22,0.0,0.0,0.56,0.5,0.45,0,0,0,0,0,0,0,0,0,0,0,0,0,0,1,1,0,1
11146,0,192.15,0.98,0.0,0.0,0.0,0.0,0.0,0.0,0.22,0.0,0.0,0.0,0.05,0.1,0.0,0.0,0.74,0.56,0.34,0,0,0,0,0,0,0,0,0,0,0,0,0,0,1,1,0,1
11147,0,192.17,0.98,0.0,0.0,0.0,0.0,0.0,0.0,0.2,0.0,0.0,0.0,0.07,0.0,0.0,0.0,0.98,0.65,0.36,0,0,0,0,0,0,0,0,0,0,0,0,0,0,1,1,0,1
11148,0,192.18,0.98,0.0,0.0,0.0,0.0,0.0,0.0,0.21,0.0,0.0,0.0,0.02,0.0,0.0,0.0,1.24,0.76,0.47,0,0,0,0,0,0,0,0,0,0,0,0,0,0,1,1,0,1
11149,0,192.2,0.98,0.1,0.0,0.0,0.0,0.0,0.0,0.24,0.0,0.0,0.0,0.02,0.0,0.0,0.0,1.39,0.81,1.14,0,1,0,0,0,0,0,0,0,0,0,0,0,0,1,1,0,1
11150,0,192.22,0.98,0.33,0.05,0.0,0.0,0.0,0.0,0.2,0.0,0.0,0.0,0.0,0.0,0.0,0.0,1.65,0.94,1.94,1,1,0,0,0,0,0,0,0,0,0,0,0,0,1,1,0,1
11151,0,192.24,0.98,0.7,0.21,0.0,0.0,0.0,0.0,0.1,0.0,0.0,0.0,0.0,0.0,0.0,0.0,1.79,1.05,2.61,1,1,0,0,0,0,0,0,0,0,0,0,0,0,1,1,0,1
11152,0,192.25,0.98,1.11,0.45,0.0,0.0,0.0,0.0,0.0,0.0,0.0,0.0,0.0,0.0,0.0,0.0,1.89,1.14,2.68,1,1,0,0,0,0,0,0,0,0,0,0,0,0,1,1,0,1
11153,0,192.27,0.98,1.47,0.76,0.0,0.0,0.0,0.0,0.0,0.0,0.0,0.0,0.0,0.0,0.0,0.0,1.85,1.25,2.58,1,1,0,0,0,0,0,0,0,0,0,0,0,0,1,1,0,1
11154,0,192.29,0.98,1.71,1.0,0.0,0.0,0.0,0.0,0.0,0.0,0.0,0.0,0.0,0.0,0.0,0.0,1.82,1.24,2.49,1,1,0,0,0,0,0,0,0,0,0,0,0,0,1,1,0,1
11155,0,192.3,0.98,1.89,1.18,0.0,0.0,0.0,0.0,0.0,0.0,0.0,0.0,0.0,0.0,0.0,0.0,1.82,1.29,2.53,1,1,0,0,0,0,0,0,0,0,0,0,0,0,1,1,0,1
11156,0,192.32,0.98,2.06,1.28,0.0,0.0,0.0,0.0,0.0,0.0,0.0,0.0,0.0,0.0,0.0,0.0,1.73,1.16,2.49,1,1,0,0,0,0,0,0,0,0,0,0,0,0,1,1,0,1
11157,0,192.34,0.98,2.2,1.34,0.0,0.0,0.0,0.0,0.0,0.0,0.0,0.0,0.0,0.0,0.0,0.0,1.77,1.07,2.42,1,1,0,0,0,0,0,0,0,0,0,0,0,0,1,1,0,1
11158,0,192.35,0.98,2.3,1.33,0.0,0.0,0.0,0.0,0.0,0.0,0.0,0.0,0.0,0.0,0.0,0.0,1.74,0.93,2.4,1,1,0,0,0,0,0,0,0,0,0,0,0,0,1,1,0,1
11159,0,192.37,0.98,2.36,1.23,0.0,0.0,0.0,0.0,0.0,0.0,0.0,0.0,0.0,0.0,0.0,0.0,1.76,0.93,2.45,1,1,0,0,0,0,0,0,0,0,0,0,0,0,1,1,0,1
11160,0,192.39,0.98,2.45,1.13,0.0,0.0,0.0,0.0,0.0,0.0,0.0,0.0,0.03,0.0,0.0,0.0,1.7,0.88,2.53,1,1,0,0,0,0,0,0,0,0,0,0,0,0,1,1,0,1
11161,0,192.41,0.98,2.41,1.07,0.0,0.02,0.0,0.0,0.0,0.0,0.0,0.0,0.06,0.0,0.01,0.0,1.58,0.85,2.58,1,1,0,0,0,0,0,0,0,0,0,0,0,0,1,1,0,1
11162,0,192.42,0.98,2.37,1.03,0.0,0.02,0.0,0.0,0.0,0.0,0.0,0.0,0.09,0.0,0.01,0.0,1.49,0.69,2.62,1,1,0,0,0,0,0,0,0,0,0,0,0,0,1,1,0,1
11163,0,192.44,0.98,2.36,0.96,0.0,0.02,0.0,0.0,0.0,0.0,0.0,0.0,0.07,0.0,0.02,0.0,1.35,0.65,2.61,1,1,0,0,0,0,0,0,0,0,0,0,0,0,1,1,0,1
11164,0,192.46,0.98,2.4,0.85,0.0,0.0,0.0,0.0,0.0,0.0,0.0,0.0,0.04,0.0,0.01,0.0,1.19,0.57,2.51,1,1,0,0,0,0,0,0,0,0,0,0,0,0,1,1,0,1
11165,0,192.48,0.98,2.49,0.82,0.0,0.0,0.0,0.0,0.0,0.0,0.0,0.02,0.11,0.21,0.01,0.0,1.04,0.62,2.44,1,1,0,0,0,0,0,0,0,0,0,0,0,0,1,1,0,1
11166,0,192.49,0.98,2.54,0.88,0.0,0.0,0.0,0.0,0.0,0.0,0.0,0.02,0.16,0.74,0.0,0.0,0.77,0.69,2.42,1,1,0,0,0,0,0,0,0,0,0,0,0,0,1,1,0,1
11167,0,192.51,0.98,2.63,0.95,0.0,0.0,0.0,0.0,0.0,0.0,0.0,0.02,0.28,1.29,0.0,0.0,0.43,0.76,2.45,1,1,0,1,0,0,0,0,0,0,0,1,0,0,1,1,0,1
11168,0,192.53,0.98,2.7,1.04,0.0,0.0,0.0,0.0,0.0,0.0,0.0,0.03,0.32,1.72,0.0,0.0,0.13,0.75,2.47,1,1,0,1,0,0,0,0,0,0,0,1,0,0,1,1,0,1
11169,0,192.54,0.98,2.78,1.15,0.0,0.0,0.0,0.0,0.0,0.0,0.0,0.06,0.33,1.88,0.0,0.0,0.0,0.73,2.44,1,1,0,1,0,0,0,0,0,0,0,1,0,0,1,1,0,1
11170,0,192.56,0.98,2.84,1.31,0.0,0.0,0.0,0.0,0.0,0.0,0.0,0.06,0.31,1.96,0.01,0.0,0.09,0.7,2.26,1,1,0,1,0,0,0,0,0,0,0,1,0,0,1,1,0,1
11171,0,192.58,0.98,2.92,1.43,0.0,0.0,0.0,0.0,0.0,0.0,0.0,0.03,0.27,1.85,0.01,0.0,0.18,0.72,2.02,1,1,0,1,0,0,0,0,0,0,0,1,0,0,1,1,0,1
11172,0,192.6,0.98,2.97,1.43,0.0,0.0,0.0,0.0,0.0,0.0,0.0,0.0,0.26,1.48,0.01,0.0,0.28,0.66,1.86,1,1,0,1,0,0,0,0,0,0,0,1,0,0,1,1,0,1
11173,0,192.61,0.98,3.02,1.47,0.01,0.0,0.0,0.0,0.0,0.0,0.0,0.0,0.17,1.04,0.0,0.0,0.35,0.72,1.77,1,1,0,1,0,0,0,0,0,0,0,1,0,0,1,1,0,1
11174,0,192.63,0.98,3.02,1.47,0.03,0.0,0.0,0.0,0.0,0.0,0.0,0.0,0.08,0.58,0.0,0.0,0.52,0.68,1.77,1,1,0,1,0,0,0,0,0,0,0,0,0,0,1,1,0,1
11175,0,192.65,0.98,3.01,1.52,0.08,0.0,0.0,0.0,0.0,0.0,0.0,0.0,0.01,0.28,0.0,0.0,0.68,0.67,1.68,1,1,0,1,0,0,0,0,0,0,0,0,0,0,1,1,0,1
11176,0,192.67,0.98,3.01,1.55,0.12,0.0,0.0,0.0,0.0,0.0,0.0,0.0,0.0,0.08,0.0,0.0,0.84,0.57,1.7,1,1,0,1,0,0,0,0,0,0,0,0,0,0,1,1,0,1
11177,0,192.68,0.98,2.97,1.6,0.1,0.0,0.0,0.0,0.0,0.0,0.0,0.0,0.0,0.02,0.0,0.0,0.99,0.69,1.61,1,1,0,1,0,0,0,0,0,0,0,0,0,0,1,1,0,1
11178,0,192.7,0.98,2.88,1.56,0.06,0.0,0.0,0.0,0.0,0.0,0.0,0.0,0.1,0.09,0.14,0.0,1.2,0.84,1.51,1,1,0,0,0,0,0,0,0,0,0,0,0,0,1,1,0,1
11179,0,192.72,0.98,2.84,1.46,0.01,0.0,0.0,0.0,0.0,0.0,0.0,0.0,0.12,0.09,0.2,0.0,1.27,0.86,1.41,1,1,0,0,0,0,0,0,0,0,0,0,0,0,1,1,0,1
11180,0,192.74,0.98,2.78,1.44,0.04,0.0,0.0,0.0,0.0,0.0,0.0,0.0,0.12,0.17,0.21,0.0,1.24,0.87,1.38,1,1,0,0,0,0,0,0,0,0,0,0,0,0,1,1,0,1
11181,0,192.75,0.98,2.74,1.43,0.04,0.0,0.0,0.0,0.0,0.0,0.0,0.0,0.02,0.09,0.17,0.0,1.25,0.82,1.44,1,1,0,0,0,0,0,0,0,0,0,0,0,0,1,1,0,1
11182,0,192.77,0.98,2.69,1.46,0.06,0.0,0.0,0.0,0.0,0.0,0.0,0.0,0.03,0.13,0.18,0.0,1.29,0.89,1.37,1,1,0,0,0,0,0,0,0,0,0,0,0,0,1,1,0,1
11183,0,192.79,0.98,2.67,1.3,0.01,0.0,0.0,0.0,0.0,0.0,0.0,0.0,0.16,0.18,0.19,0.0,1.3,0.82,1.42,1,1,0,0,0,0,0,0,0,0,0,0,0,0,1,1,0,1
11184,0,192.8,0.98,2.61,1.26,0.01,0.0,0.0,0.0,0.0,0.0,0.0,0.0,0.16,0.32,0.21,0.0,1.33,0.79,1.32,1,1,0,0,0,0,0,0,0,0,0,0,0,0,1,1,0,1
11185,0,192.82,0.98,2.6,1.17,0.01,0.0,0.0,0.0,0.0,0.0,0.0,0.0,0.22,0.35,0.25,0.0,1.25,0.83,1.24,1,1,0,0,0,0,0,0,0,0,0,0,0,0,1,1,0,1
11186,0,192.84,0.98,2.51,1.2,0.01,0.0,0.0,0.0,0.0,0.0,0.0,0.0,0.19,0.28,0.28,0.0,1.32,0.82,1.2,1,1,0,0,0,0,0,0,0,0,0,0,0,0,1,1,0,1
11187,0,192.85,0.98,2.47,1.12,0.01,0.0,0.0,0.0,0.0,0.0,0.0,0.0,0.26,0.24,0.33,0.0,1.42,0.86,1.11,1,1,0,0,0,0,0,0,0,0,0,0,0,0,1,1,0,1
11188,0,192.87,0.98,2.28,1.02,0.0,0.0,0.0,0.0,0.0,0.0,0.0,0.0,0.25,0.28,0.43,0.0,1.62,0.88,0.98,1,1,0,0,0,0,0,0,0,0,0,0,0,0,1,1,0,1
11189,0,192.89,0.98,2.2,0.94,0.0,0.0,0.0,0.0,0.0,0.0,0.0,0.0,0.23,0.34,0.46,0.0,1.66,1.13,0.76,1,1,0,0,0,0,0,0,0,0,0,0,0,0,1,1,0,1
11190,0,192.91,0.98,2.21,0.95,0.01,0.0,0.0,0.0,0.0,0.0,0.0,0.0,0.29,0.35,0.29,0.0,1.51,1.12,0.75,1,1,0,0,0,0,0,0,0,0,0,0,0,0,1,1,0,1
11191,0,192.92,0.98,2.13,0.76,0.01,0.0,0.0,0.0,0.0,0.0,0.0,0.0,0.33,0.35,0.26,0.0,1.5,1.07,0.88,1,1,0,0,0,0,0,0,0,0,0,0,0,0,1,1,0,1
11192,0,192.94,0.98,2.06,0.72,0.01,0.0,0.0,0.0,0.0,0.0,0.0,0.0,0.33,0.37,0.31,0.0,1.61,0.94,0.78,1,1,0,0,0,0,0,0,0,0,0,0,0,0,1,1,0,1
11193,0,192.96,0.98,2.0,0.66,0.0,0.0,0.0,0.0,0.0,0.0,0.0,0.0,0.31,0.41,0.39,0.0,1.57,0.94,0.71,1,1,0,0,0,0,0,0,0,0,0,0,0,0,1,1,0,1
11194,0,192.98,0.98,2.11,0.77,0.0,0.0,0.0,0.0,0.0,0.0,0.0,0.0,0.3,0.43,0.26,0.0,1.38,0.96,0.66,1,1,0,0,0,0,0,0,0,0,0,0,0,0,1,1,0,1
11195,0,192.99,0.98,2.02,0.65,0.0,0.0,0.0,0.0,0.0,0.0,0.0,0.0,0.36,0.41,0.29,0.0,1.27,0.88,0.81,1,1,0,0,0,0,0,0,0,0,0,0,0,0,1,1,0,1
11196,0,193.01,0.98,1.92,0.61,0.0,0.0,0.0,0.0,0.0,0.0,0.0,0.0,0.35,0.43,0.39,0.0,1.35,0.93,0.76,1,1,0,0,0,0,0,0,0,0,0,0,0,0,1,1,0,1
11197,0,193.03,0.98,1.87,0.69,0.0,0.0,0.0,0.0,0.0,0.0,0.0,0.0,0.4,0.4,0.42,0.0,1.45,0.94,0.75,1,1,0,0,0,0,0,0,0,0,0,0,0,0,1,1,0,1
11198,0,193.04,0.98,1.92,0.78,0.0,0.0,0.0,0.0,0.0,0.0,0.0,0.0,0.43,0.39,0.29,0.0,1.29,0.98,0.79,1,1,0,0,0,0,0,0,0,0,0,0,0,0,1,1,0,1
11199,0,193.06,0.98,1.83,0.62,0.0,0.0,0.0,0.0,0.0,0.0,0.0,0.0,0.48,0.33,0.33,0.0,1.33,0.86,0.91,1,1,0,0,0,0,0,0,0,0,0,0,0,0,1,1,0,1
11200,0,193.08,0.98,1.77,0.58,0.0,0.0,0.0,0.0,0.0,0.0,0.0,0.0,0.46,0.4,0.46,0.0,1.41,0.83,0.78,1,1,0,0,0,0,0,0,0,0,0,0,0,0,1,1,0,1
11201,0,193.1,0.98,1.77,0.58,0.0,0.0,0.0,0.0,0.0,0.0,0.0,0.0,0.44,0.38,0.57,0.0,1.53,0.78,0.63,1,1,0,0,0,0,0,0,0,0,0,0,0,0,1,1,0,1
11202,0,193.11,0.98,1.92,0.77,0.0,0.0,0.0,0.0,0.0,0.0,0.0,0.0,0.4,0.42,0.39,0.0,1.38,0.87,0.72,1,1,0,0,0,0,0,0,0,0,0,0,0,0,1,1,0,1
11203,0,193.13,0.98,1.86,0.65,0.0,0.0,0.0,0.0,0.0,0.0,0.0,0.0,0.45,0.33,0.39,0.0,1.4,0.83,0.88,1,1,0,0,0,0,0,0,0,0,0,0,0,0,1,1,0,1
11204,0,193.15,0.98,1.86,0.67,0.0,0.0,0.0,0.0,0.0,0.0,0.0,0.0,0.41,0.36,0.5,0.0,1.4,0.87,0.87,1,1,0,0,0,0,0,0,0,0,0,0,0,0,1,1,0,1
11205,0,193.17,0.98,1.83,0.71,0.0,0.0,0.0,0.0,0.0,0.0,0.0,0.0,0.53,0.32,0.66,0.0,1.44,0.84,0.65,1,1,0,0,0,0,0,0,0,0,0,0,0,0,1,1,0,1
11206,0,193.18,0.98,1.92,0.91,0.0,0.0,0.0,0.0,0.0,0.0,0.0,0.0,0.5,0.36,0.5,0.0,1.3,0.84,0.57,1,1,0,0,0,0,0,0,0,0,0,0,0,0,1,1,0,1
11207,0,193.2,0.98,2.05,1.04,0.0,0.0,0.0,0.0,0.0,0.0,0.0,0.0,0.52,0.37,0.3,0.0,1.15,0.79,0.65,1,1,0,0,0,0,0,0,0,0,0,0,0,0,1,1,0,1
11208,0,193.22,0.98,2.07,0.98,0.0,0.0,0.0,0.0,0.0,0.0,0.0,0.0,0.45,0.43,0.24,0.0,1.14,0.76,0.66,1,1,0,0,0,0,0,0,0,0,0,0,0,0,1,1,0,1
11209,0,193.24,0.98,2.1,0.92,0.0,0.0,0.0,0.0,0.0,0.0,0.0,0.0,0.39,0.45,0.27,0.0,1.15,0.69,0.69,1,1,0,0,0,0,0,0,0,0,0,0,0,0,1,1,0,1
11210,0,193.25,0.98,2.05,0.85,0.0,0.0,0.0,0.0,0.0,0.0,0.0,0.0,0.35,0.47,0.23,0.0,1.11,0.64,0.66,1,1,0,0,0,0,0,0,0,0,0,0,0,0,1,1,0,1
11211,0,193.27,0.98,2.11,0.85,0.0,0.0,0.0,0.0,0.0,0.0,0.0,0.0,0.25,0.47,0.09,0.0,1.06,0.57,0.74,1,1,0,0,0,0,0,0,0,0,0,0,0,0,1,1,0,1
11212,0,193.29,0.98,2.11,0.86,0.0,0.0,0.0,0.0,0.0,0.0,0.0,0.0,0.28,0.53,0.19,0.0,1.09,0.64,0.66,1,1,0,0,0,0,0,0,0,0,0,0,0,0,1,1,0,1
11213,0,193.3,0.98,2.05,0.91,0.0,0.0,0.0,0.0,0.0,0.0,0.0,0.0,0.26,0.54,0.29,0.0,1.17,0.71,0.66,1,1,0,0,0,0,0,0,0,0,0,0,0,0,1,1,0,1
11214,0,193.32,0.98,2.05,1.01,0.0,0.0,0.0,0.0,0.0,0.0,0.0,0.0,0.37,0.5,0.29,0.0,1.14,0.73,0.74,1,1,0,0,0,0,0,0,0,0,0,0,0,0,1,1,0,1
11215,0,193.34,0.98,2.1,1.11,0.0,0.0,0.0,0.0,0.0,0.0,0.0,0.0,0.25,0.39,0.13,0.0,0.98,0.66,0.94,1,1,0,0,0,0,0,0,0,0,0,0,0,0,1,1,0,1
11216,0,193.35,0.98,2.16,1.04,0.0,0.0,0.0,0.0,0.0,0.0,0.0,0.0,0.2,0.32,0.04,0.0,0.87,0.54,1.16,1,1,0,0,0,0,0,0,0,0,0,0,0,0,1,1,0,1
11217,0,193.37,0.98,2.15,0.97,0.0,0.0,0.0,0.0,0.0,0.0,0.0,0.0,0.03,0.22,0.04,0.0,0.85,0.47,1.35,1,1,0,0,0,0,0,0,0,0,0,0,0,0,1,1,0,1
11218,0,193.39,0.98,2.16,0.89,0.0,0.0,0.0,0.0,0.0,0.0,0.0,0.0,0.05,0.16,0.01,0.0,0.89,0.46,1.39,1,1,0,0,0,0,0,0,0,0,0,0,0,0,1,1,0,1
11219,0,193.41,0.98,2.17,0.85,0.0,0.0,0.0,0.0,0.0,0.0,0.0,0.0,0.04,0.1,0.0,0.0,1.0,0.47,1.35,1,1,0,0,0,0,0,0,0,0,0,0,0,0,1,1,0,1
11220,0,193.42,0.98,2.15,0.85,0.0,0.0,0.0,0.0,0.0,0.0,0.0,0.0,0.06,0.16,0.0,0.0,0.97,0.5,1.28,1,1,0,0,0,0,0,0,0,0,0,0,0,0,1,1,0,1
11221,0,193.44,0.98,2.1,0.88,0.0,0.0,0.0,0.0,0.0,0.0,0.0,0.0,0.08,0.17,0.0,0.0,0.91,0.48,1.37,1,1,0,0,0,0,0,0,0,0,0,0,0,0,1,1,0,1
11222,0,193.46,0.98,2.07,0.86,0.0,0.0,0.0,0.0,0.0,0.0,0.0,0.0,0.11,0.13,0.0,0.0,0.82,0.51,1.39,1,1,0,0,0,0,0,0,0,0,0,0,0,0,1,1,0,1
11223,0,193.48,0.98,2.06,0.87,0.0,0.0,0.0,0.0,0.0,0.0,0.0,0.0,0.14,0.1,0.0,0.0,0.81,0.44,1.35,1,1,0,0,0,0,0,0,0,0,0,0,0,0,1,1,0,1
11224,0,193.49,0.98,2.08,0.73,0.0,0.0,0.0,0.0,0.0,0.0,0.0,0.0,0.1,0.15,0.0,0.0,0.89,0.51,1.18,1,1,0,0,0,0,0,0,0,0,0,0,0,0,1,1,0,1
11225,0,193.51,0.98,2.12,0.75,0.0,0.0,0.0,0.0,0.0,0.0,0.0,0.0,0.07,0.21,0.0,0.0,0.89,0.5,1.16,1,1,0,0,0,0,0,0,0,0,0,0,0,0,1,1,0,1
11226,0,193.53,0.98,2.12,0.59,0.0,0.0,0.0,0.0,0.0,0.0,0.0,0.0,0.02,0.17,0.0,0.0,0.92,0.54,1.2,1,1,0,0,0,0,0,0,0,0,0,0,0,0,1,1,0,1
11227,0,193.54,0.98,2.09,0.58,0.0,0.0,0.0,0.0,0.0,0.0,0.0,0.0,0.01,0.11,0.0,0.0,0.91,0.51,1.29,1,1,0,0,0,0,0,0,0,0,0,0,0,0,1,1,0,1
11228,0,193.56,0.98,1.99,0.48,0.0,0.0,0.0,0.0,0.0,0.0,0.0,0.0,0.0,0.05,0.0,0.0,0.94,0.55,1.38,1,1,0,0,0,0,0,0,0,0,0,0,0,0,1,1,0,1
11229,0,193.58,0.98,1.91,0.57,0.0,0.0,0.0,0.0,0.0,0.0,0.0,0.0,0.0,0.06,0.0,0.0,0.95,0.65,1.37,1,1,0,0,0,0,0,0,0,0,0,0,0,0,1,1,0,1
11230,0,193.6,0.98,1.85,0.69,0.0,0.0,0.0,0.0,0.0,0.0,0.0,0.0,0.02,0.07,0.0,0.0,1.0,0.74,1.34,1,1,0,0,0,0,0,0,0,0,0,0,0,0,1,1,0,1
11231,0,193.61,0.98,1.79,0.76,0.0,0.0,0.0,0.0,0.0,0.0,0.0,0.0,0.02,0.06,0.0,0.0,0.99,0.82,1.32,1,1,0,0,0,0,0,0,0,0,0,0,0,0,1,1,0,1
11232,0,193.63,0.98,1.76,0.69,0.0,0.0,0.0,0.0,0.0,0.0,0.0,0.0,0.06,0.06,0.0,0.0,0.98,0.78,1.4,1,1,0,0,0,0,0,0,0,0,0,0,0,0,1,1,0,1
11233,0,193.65,0.98,1.76,0.58,0.0,0.0,0.0,0.0,0.0,0.0,0.0,0.0,0.11,0.09,0.0,0.0,0.96,0.73,1.52,1,1,0,0,0,0,0,0,0,0,0,0,0,0,1,1,0,1
11234,0,193.67,0.98,1.8,0.47,0.0,0.0,0.0,0.0,0.0,0.0,0.0,0.0,0.13,0.08,0.0,0.0,1.03,0.66,1.5,1,1,0,0,0,0,0,0,0,0,0,0,0,0,1,1,0,1
11235,0,193.68,0.98,1.76,0.49,0.0,0.0,0.0,0.0,0.0,0.0,0.0,0.0,0.09,0.06,0.0,0.0,1.09,0.62,1.53,1,1,0,0,0,0,0,0,0,0,0,0,0,0,1,1,0,1
11236,0,193.7,0.98,1.71,0.47,0.0,0.0,0.0,0.0,0.0,0.0,0.0,0.0,0.04,0.0,0.0,0.0,1.1,0.62,1.52,1,1,0,0,0,0,0,0,0,0,0,0,0,0,1,1,0,1
11237,0,193.72,0.98,1.62,0.44,0.0,0.0,0.0,0.0,0.0,0.0,0.0,0.0,0.02,0.0,0.0,0.0,1.11,0.6,1.5,1,1,0,0,0,0,0,0,0,0,0,0,0,0,1,1,0,1
11238,0,193.74,0.98,1.55,0.38,0.0,0.0,0.0,0.0,0.0,0.0,0.0,0.0,0.04,0.0,0.0,0.0,1.1,0.64,1.45,1,1,0,0,0,0,0,0,0,0,0,0,0,0,1,1,0,1
11239,0,193.75,0.98,1.49,0.36,0.0,0.0,0.0,0.0,0.0,0.0,0.0,0.0,0.05,0.01,0.0,0.0,1.09,0.71,1.39,1,1,0,0,0,0,0,0,0,0,0,0,0,0,1,1,0,1
11240,0,193.77,0.98,1.48,0.36,0.0,0.0,0.0,0.0,0.0,0.0,0.0,0.0,0.12,0.01,0.0,0.0,1.11,0.71,1.3,1,1,0,0,0,0,0,0,0,0,0,0,0,0,1,1,0,1
11241,0,193.79,0.98,1.46,0.37,0.0,0.0,0.0,0.0,0.0,0.0,0.0,0.0,0.14,0.01,0.0,0.0,1.2,0.73,1.22,1,1,0,0,0,0,0,0,0,0,0,0,0,0,1,1,0,1
11242,0,193.8,0.98,1.43,0.32,0.0,0.0,0.0,0.0,0.0,0.0,0.0,0.0,0.13,0.0,0.0,0.0,1.3,0.64,1.18,1,1,0,0,0,0,0,0,0,0,0,0,0,0,1,1,0,1
11243,0,193.82,0.98,1.39,0.37,0.0,0.0,0.0,0.0,0.0,0.0,0.0,0.0,0.09,0.0,0.0,0.0,1.32,0.75,1.27,1,1,0,0,0,0,0,0,0,0,0,0,0,0,1,1,0,1
11244,0,193.84,0.98,1.34,0.41,0.0,0.0,0.0,0.0,0.0,0.0,0.0,0.0,0.04,0.0,0.0,0.0,1.23,0.78,1.33,1,1,0,0,0,0,0,0,0,0,0,0,0,0,1,1,0,1
11245,0,193.85,0.98,1.23,0.4,0.0,0.0,0.0,0.0,0.0,0.0,0.0,0.0,0.03,0.0,0.0,0.0,1.11,0.88,1.37,1,1,0,0,0,0,0,0,0,0,0,0,0,0,1,1,0,1
11246,0,193.87,0.98,1.12,0.3,0.0,0.0,0.0,0.0,0.0,0.0,0.0,0.0,0.03,0.0,0.0,0.0,1.06,0.85,1.37,1,1,0,0,0,0,0,0,0,0,0,0,0,0,1,1,0,1
11247,0,193.89,0.98,0.99,0.19,0.0,0.0,0.0,0.0,0.0,0.0,0.0,0.0,0.03,0.0,0.0,0.0,1.1,0.89,1.36,1,1,0,0,0,0,0,0,0,0,0,0,0,0,1,1,0,1
11248,0,193.91,0.98,0.95,0.12,0.0,0.0,0.0,0.0,0.0,0.0,0.0,0.0,0.03,0.0,0.0,0.0,1.14,0.87,1.28,1,1,0,0,0,0,0,0,0,0,0,0,0,0,1,1,0,1
11249,0,193.92,0.98,0.94,0.08,0.0,0.0,0.0,0.0,0.0,0.0,0.0,0.0,0.0,0.0,0.0,0.0,1.17,0.84,1.23,1,1,0,0,0,0,0,0,0,0,0,0,0,0,1,1,0,1
11250,0,193.94,0.98,0.9,0.01,0.0,0.0,0.0,0.0,0.0,0.0,0.0,0.0,0.03,0.0,0.0,0.0,1.15,0.83,1.23,1,1,0,0,0,0,0,0,0,0,0,0,0,0,1,1,0,1
11251,0,193.96,0.98,0.86,0.05,0.0,0.0,0.0,0.0,0.0,0.0,0.0,0.0,0.03,0.0,0.0,0.0,1.19,0.95,1.3,1,1,0,0,0,0,0,0,0,0,0,0,0,0,1,1,0,1
11252,0,193.98,0.98,0.8,0.04,0.0,0.0,0.0,0.0,0.0,0.0,0.0,0.0,0.03,0.0,0.0,0.0,1.22,1.1,1.42,1,1,0,0,0,0,0,0,0,0,0,0,0,0,1,1,0,1
11253,0,193.99,0.98,0.78,0.04,0.0,0.0,0.0,0.0,0.0,0.0,0.0,0.0,0.01,0.0,0.0,0.0,1.25,1.14,1.45,1,1,0,0,0,0,0,0,0,0,0,0,0,0,1,1,0,1
11254,0,194.01,0.98,0.75,0.0,0.0,0.0,0.0,0.0,0.0,0.0,0.0,0.0,0.01,0.0,0.0,0.0,1.19,1.06,1.43,1,1,0,0,0,0,0,0,0,0,0,0,0,0,1,1,0,1
11255,0,194.03,0.98,0.67,0.0,0.0,0.0,0.0,0.0,0.0,0.0,0.0,0.0,0.0,0.0,0.0,0.0,1.18,1.0,1.33,1,1,0,0,0,0,0,0,0,0,0,0,0,0,1,1,0,1
11256,0,194.04,0.98,0.64,0.0,0.0,0.0,0.0,0.0,0.0,0.0,0.0,0.0,0.0,0.0,0.0,0.0,1.11,0.96,1.31,1,1,0,0,0,0,0,0,0,0,0,0,0,0,1,1,0,1
11257,0,194.06,0.98,0.57,0.0,0.0,0.0,0.0,0.0,0.0,0.0,0.0,0.0,0.0,0.0,0.0,0.0,1.1,0.97,1.32,1,1,0,0,0,0,0,0,0,0,0,0,0,0,1,1,0,1
11258,0,194.08,0.98,0.53,0.0,0.0,0.0,0.0,0.0,0.0,0.0,0.0,0.0,0.0,0.0,0.0,0.0,1.03,0.97,1.37,1,1,0,0,0,0,0,0,0,0,0,0,0,0,1,1,0,1
11259,0,194.1,0.98,0.49,0.0,0.0,0.0,0.0,0.0,0.0,0.0,0.0,0.0,0.0,0.0,0.0,0.0,1.01,0.99,1.42,1,1,0,0,0,0,0,0,0,0,0,0,0,0,1,1,0,1
11260,0,194.11,0.98,0.49,0.0,0.0,0.0,0.0,0.0,0.0,0.0,0.0,0.0,0.0,0.0,0.0,0.0,0.97,0.95,1.49,1,1,0,0,0,0,0,0,0,0,0,0,0,0,1,1,0,1
11261,0,194.13,0.98,0.5,0.0,0.0,0.0,0.0,0.0,0.0,0.0,0.0,0.0,0.0,0.0,0.0,0.0,0.96,0.96,1.44,1,1,0,0,0,0,0,0,0,0,0,0,0,0,1,1,0,1
11262,0,194.15,0.98,0.5,0.0,0.0,0.0,0.0,0.0,0.0,0.0,0.0,0.0,0.0,0.0,0.0,0.0,0.97,0.95,1.34,1,1,0,0,0,0,0,0,0,0,0,0,0,0,1,1,0,1
11263,0,194.17,0.98,0.51,0.0,0.0,0.0,0.0,0.0,0.0,0.0,0.0,0.0,0.0,0.0,0.0,0.0,1.0,0.99,1.29,1,1,0,0,0,0,0,0,0,0,0,0,0,0,1,1,0,1
11264,0,194.18,0.98,0.47,0.0,0.0,0.0,0.0,0.0,0.0,0.0,0.0,0.0,0.0,0.0,0.0,0.0,0.98,1.0,1.32,1,1,0,0,0,0,0,0,0,0,0,0,0,0,1,1,0,1
11265,0,194.2,0.98,0.4,0.0,0.0,0.0,0.0,0.0,0.0,0.0,0.0,0.0,0.0,0.0,0.0,0.0,0.95,1.03,1.37,1,1,0,0,0,0,0,0,0,0,0,0,0,0,1,1,0,1
11266,0,194.22,0.98,0.34,0.0,0.0,0.0,0.0,0.0,0.0,0.0,0.0,0.0,0.0,0.0,0.0,0.0,0.93,1.06,1.38,1,1,0,0,0,0,0,0,0,0,0,0,0,0,1,1,0,1
11267,0,194.24,0.98,0.33,0.0,0.0,0.0,0.0,0.0,0.0,0.0,0.0,0.0,0.0,0.0,0.0,0.0,0.95,1.05,1.45,1,1,0,0,0,0,0,0,0,0,0,0,0,0,1,1,0,1
11268,0,194.25,0.98,0.36,0.0,0.0,0.0,0.0,0.0,0.0,0.0,0.0,0.0,0.0,0.0,0.0,0.0,0.96,0.98,1.48,1,1,0,0,0,0,0,0,0,0,0,0,0,0,1,1,0,1
11269,0,194.27,0.98,0.41,0.0,0.0,0.0,0.0,0.0,0.0,0.0,0.0,0.0,0.0,0.0,0.0,0.0,1.01,0.9,1.42,1,1,0,0,0,0,0,0,0,0,0,0,0,0,1,1,0,1
11270,0,194.29,0.98,0.42,0.0,0.0,0.0,0.0,0.0,0.0,0.0,0.0,0.0,0.0,0.0,0.0,0.0,1.02,0.91,1.34,1,1,0,0,0,0,0,0,0,0,0,0,0,0,1,1,0,1
11271,0,194.3,0.98,0.46,0.0,0.0,0.0,0.0,0.0,0.0,0.0,0.0,0.0,0.0,0.0,0.0,0.0,1.06,0.98,1.3,1,1,0,0,0,0,0,0,0,0,0,0,0,0,1,1,0,1
11272,0,194.32,0.98,0.47,0.0,0.0,0.0,0.0,0.0,0.0,0.0,0.0,0.0,0.0,0.0,0.0,0.0,1.09,1.09,1.38,1,1,0,0,0,0,0,0,0,0,0,0,0,0,1,1,0,1
11273,0,194.34,0.98,0.51,0.05,0.0,0.0,0.0,0.0,0.0,0.0,0.0,0.0,0.0,0.0,0.0,0.0,1.15,1.06,1.37,1,1,0,0,0,0,0,0,0,0,0,0,0,0,1,1,0,1
11274,0,194.35,0.98,0.54,0.11,0.0,0.0,0.0,0.0,0.0,0.0,0.0,0.0,0.0,0.0,0.0,0.0,1.18,1.01,1.36,1,1,0,0,0,0,0,0,0,0,0,0,0,0,1,1,0,1
11275,0,194.37,0.98,0.57,0.18,0.0,0.0,0.0,0.0,0.0,0.0,0.0,0.0,0.0,0.0,0.0,0.0,1.12,0.92,1.34,1,1,0,0,0,0,0,0,0,0,0,0,0,0,1,1,0,1
11276,0,194.39,0.98,0.67,0.22,0.0,0.0,0.0,0.0,0.0,0.0,0.0,0.0,0.0,0.0,0.0,0.0,1.08,0.85,1.4,1,1,0,0,0,0,0,0,0,0,0,0,0,0,1,1,0,1
11277,0,194.41,0.98,0.76,0.22,0.0,0.0,0.0,0.0,0.0,0.0,0.0,0.0,0.0,0.0,0.0,0.0,1.02,0.81,1.78,1,1,0,0,0,0,0,0,0,0,0,0,0,0,1,1,0,1
11278,0,194.42,0.98,0.95,0.23,0.0,0.0,0.0,0.0,0.0,0.0,0.0,0.0,0.0,0.0,0.0,0.0,1.01,0.83,2.26,1,1,0,0,0,0,0,0,0,0,0,0,0,0,1,1,0,1
11279,0,194.44,0.98,1.05,0.24,0.0,0.0,0.0,0.0,0.0,0.0,0.0,0.0,0.0,0.0,0.0,0.0,1.02,0.82,2.76,1,1,0,0,0,0,0,0,0,0,0,0,0,0,1,1,0,1
11280,0,194.46,0.98,1.1,0.25,0.0,0.0,0.0,0.0,0.0,0.0,0.0,0.04,0.0,0.0,0.0,0.0,1.05,0.82,2.82,1,1,0,0,0,0,0,0,0,0,0,0,0,0,1,1,0,1
11281,0,194.48,0.98,1.03,0.27,0.0,0.0,0.0,0.0,0.0,0.0,0.0,0.09,0.0,0.0,0.0,0.0,1.0,0.76,2.81,1,1,0,0,0,0,0,0,0,0,0,0,0,0,1,1,0,1
11283,0,194.51,0.98,0.83,0.09,0.0,0.0,0.0,0.0,0.0,0.0,0.0,0.22,0.0,0.0,0.0,0.0,0.82,0.93,2.75,1,1,0,0,0,0,0,0,0,0,0,0,0,0,1,1,0,1
11285,0,194.54,0.98,0.56,0.0,0.0,0.0,0.0,0.0,0.0,0.0,0.0,0.36,0.0,0.04,0.0,0.0,0.8,1.08,2.37,1,1,0,0,0,0,0,0,0,0,0,0,0,0,1,1,0,1
11287,0,194.58,0.98,0.53,0.04,0.0,0.0,0.0,0.0,0.0,0.0,0.0,0.61,0.0,0.13,0.01,0.0,0.49,0.97,1.93,1,1,0,0,0,0,0,0,0,1,0,0,0,0,0,1,0,1
11289,0,194.61,0.98,0.55,0.04,0.0,0.0,0.0,0.0,0.0,0.0,0.0,0.8,0.0,0.11,0.0,0.0,0.43,0.94,1.58,1,1,0,0,0,0,0,0,0,1,0,0,0,0,0,1,0,1
